temp_max,precipitacao,vento_max,umidade_max,mes,dia_do_ano,dias_sem_chuva,risco
25.95,20.800001,9.504272,95.40931,1,1,0,0
26.0,20.1,15.716793,95.43493,1,2,0,0
25.35,16.100002,17.786331,96.92086,1,3,0,0
24.05,8.599999,22.183128,95.133575,1,4,0,0
23.6,21.500002,21.129883,95.72552,1,5,0,0
25.7,3.0999994,27.666182,96.01051,1,6,0,0
25.2,5.4,16.595179,96.31786,1,7,0,0
24.85,8.5,13.044722,98.7629,1,8,0,0
26.45,3.3999999,13.0447235,95.74462,1,9,0,0
27.45,1.0,11.269782,97.845505,1,10,0,1
28.85,0.3,11.440978,93.60894,1,11,0,0
29.55,0.0,8.350138,92.74731,1,12,1,0
29.65,0.0,10.365251,85.728264,1,13,2,0
30.0,0.0,11.592895,91.28316,1,14,3,1
30.15,0.0,13.70839,82.366745,1,15,4,1
29.4,0.2,10.383987,83.865715,1,16,0,0
27.05,17.7,15.815435,88.25321,1,17,0,1
27.5,19.2,19.296133,93.95443,1,18,0,0
28.0,6.1,16.311613,96.939316,1,19,0,1
26.25,9.400001,13.830749,96.9301,1,20,0,0
26.8,5.6999993,19.201874,96.62896,1,21,0,0
24.25,23.1,18.472595,96.631485,1,22,0,0
23.15,29.6,23.424908,95.74462,1,23,0,0
23.2,10.2,34.524357,95.4264,1,24,0,0
22.55,38.6,28.876396,95.13899,1,25,0,0
23.45,24.4,15.856354,95.7159,1,26,0,0
26.0,5.6,14.618837,98.14451,1,27,0,0
24.85,1.7000002,19.386593,97.22291,1,28,0,0
27.15,3.6999996,10.823973,97.49318,1,29,0,0
27.7,2.6,10.182337,95.44342,1,30,0,0
28.35,0.7,10.239453,95.41788,1,31,0,0
28.6,0.0,9.339208,91.648964,2,32,1,0
28.0,0.0,9.449572,83.65126,2,33,2,1
27.85,2.8999999,10.883676,95.97594,2,34,0,0
26.35,2.5,11.435313,96.63907,2,35,0,0
26.45,0.6,9.220499,96.61376,2,36,0,0
26.1,24.0,16.992609,96.338486,2,37,0,0
20.9,31.599997,17.106628,96.3165,2,38,0,0
20.8,20.300005,23.219301,95.68693,2,39,0,0
20.35,18.6,19.917469,95.988,2,40,0,0
25.75,1.9000001,11.808878,96.8999,2,41,0,0
27.95,0.1,10.691453,93.04262,2,42,0,1
26.35,6.299999,15.281989,97.84471,2,43,0,0
26.6,4.0999994,11.304229,96.00902,2,44,0,0
27.95,2.6999998,8.557102,86.01726,2,45,0,0
27.25,3.1,12.181624,96.63907,2,46,0,1
26.8,13.099999,9.746631,97.82592,2,47,0,1
26.85,4.7,13.513193,98.44927,2,48,0,0
26.85,0.0,14.973576,97.53551,2,49,1,0
27.15,2.0,9.957108,87.409744,2,50,0,0
26.2,2.7999997,13.1041975,94.47884,2,51,0,0
26.2,1.4000001,11.570515,96.59714,2,52,0,0
27.4,7.2,8.557102,89.40124,2,53,0,0
25.5,11.400001,10.086427,98.447525,2,54,0,0
24.5,9.0,12.224107,96.01353,2,55,0,0
26.8,7.9999995,11.879999,96.92086,2,56,0,0
27.1,10.6,14.021525,96.92318,2,57,0,0
27.85,0.3,15.7908325,99.37597,2,58,0,0
26.8,3.0,15.778516,95.433235,2,59,0,0
23.85,8.399999,12.768586,99.072685,2,60,0,0
26.25,3.3,12.979984,97.54571,3,61,0,0
25.85,5.2,12.0694,94.81529,3,62,0,0
25.8,14.100001,15.124284,98.14099,3,63,0,0
26.8,5.5000005,12.599999,97.84308,3,64,0,0
26.2,10.800001,12.682018,97.837364,3,65,0,0
21.55,19.0,12.904882,97.523415,3,66,0,0
24.75,7.7000003,8.942214,98.435074,3,67,0,0
24.9,11.400001,10.195057,97.511215,3,68,0,0
25.95,0.5,9.779817,99.05593,3,69,0,0
26.0,1.0000001,14.799459,96.31095,3,70,0,0
26.05,1.1,16.299694,99.37577,3,71,0,0
25.4,0.8,13.70839,99.377846,3,72,0,0
26.15,1.6999999,17.935081,99.061676,3,73,0,0
26.7,3.3,18.806337,96.00001,3,74,0,0
25.65,1.8000001,18.129137,95.68534,3,75,0,0
26.25,0.0,11.720751,90.24742,3,76,1,0
26.45,0.5,8.14587,91.679924,3,77,0,0
27.25,0.7,6.3690495,89.86079,3,78,0,1
27.55,11.900001,9.904906,91.57531,3,79,0,0
24.3,10.200001,14.05845,96.94046,3,80,0,0
25.35,3.8000002,15.629971,95.13178,3,81,0,0
24.05,6.2999997,15.077082,96.0269,3,82,0,0
24.9,21.0,10.24578,99.68733,3,83,0,1
21.85,42.29999,14.021525,98.14378,3,84,0,0
21.5,16.199999,15.876775,98.74202,3,85,0,0
22.65,11.4,12.261158,99.686935,3,86,0,0
24.65,8.400001,16.299694,99.68672,3,87,0,0
22.9,3.2,15.745627,98.142395,3,88,0,0
26.0,0.0,17.026896,97.50079,3,89,1,0
27.15,0.0,16.595179,89.741974,3,90,2,1
27.15,0.0,14.494192,91.76569,3,91,3,0
27.95,0.0,12.904882,91.22222,4,92,4,1
28.6,0.1,11.792404,87.8587,4,93,0,0
27.15,1.0000001,16.394829,89.04282,4,94,0,1
27.55,0.5,14.113653,92.73129,4,95,0,2
27.35,3.1999998,9.826088,95.72388,4,96,0,0
28.05,1.1,11.113451,95.73029,4,97,0,1
26.95,14.700001,10.1376915,96.04322,4,98,0,0
26.5,7.6,12.496718,98.74873,4,99,0,1
25.6,1.2,8.587338,96.00001,4,100,0,0
26.4,0.90000004,9.9571085,93.35569,4,101,0,1
26.6,1.1,6.618519,87.88925,4,102,0,0
26.45,0.5,8.311245,96.31095,4,103,0,0
26.15,4.0,14.77755,95.056625,4,104,0,1
26.1,0.4,11.885453,93.90949,4,105,0,0
21.85,13.999999,11.983188,96.323395,4,106,0,0
22.0,17.4,12.599999,99.06489,4,107,0,0
25.1,10.1,19.839235,99.68649,4,108,0,0
23.65,2.8,15.158522,99.685745,4,109,0,0
24.2,4.3,19.917469,99.37308,4,110,0,0
21.85,1.5999999,18.806337,99.372154,4,111,0,0
23.35,6.5,13.556282,98.73962,4,112,0,0
23.6,20.1,9.6932955,98.74873,4,113,0,0
23.3,7.0,9.107359,99.37143,4,114,0,0
23.65,7.6,15.111424,99.063835,4,115,0,0
24.35,0.0,20.172853,96.90108,4,116,1,0
24.45,0.0,16.65754,86.38926,4,117,2,0
24.35,0.0,20.523155,94.69152,4,118,3,0
23.7,0.0,16.263872,90.777176,4,119,4,0
23.75,0.0,14.33234,86.94339,4,120,5,0
24.2,0.0,11.525623,91.274315,4,121,6,0
24.5,0.0,8.287822,89.27976,5,122,7,0
25.4,0.0,9.6932955,90.45492,5,123,8,0
25.35,0.0,8.287822,80.69076,5,124,9,0
25.3,0.0,9.3876505,82.59421,5,125,10,0
26.7,0.0,13.358861,84.76942,5,126,11,1
25.55,0.3,9.007196,80.0431,5,127,0,0
23.1,0.0,14.003029,93.52041,5,128,1,0
23.9,0.2,14.77755,96.245056,5,129,0,0
23.2,0.3,19.881649,97.80682,5,130,0,0
23.85,0.0,16.394829,96.19625,5,131,1,0
23.4,0.0,13.627795,90.41955,5,132,2,0
24.3,0.0,14.044615,90.058426,5,133,3,1
24.75,0.4,13.684735,92.789536,5,134,0,1
25.15,0.70000005,9.0,89.31904,5,135,0,0
23.75,1.1,6.989936,95.63637,5,136,0,1
23.9,16.099998,9.3669195,96.59205,5,137,0,0
23.55,1.6000001,16.766108,97.4827,5,138,0,0
24.4,0.0,18.359999,99.050476,5,139,1,0
22.05,0.2,19.164719,92.548294,5,140,0,0
23.4,0.0,21.915693,88.27184,5,141,1,0
24.75,0.0,14.113653,96.50962,5,142,2,1
25.2,0.0,10.990322,90.86181,5,143,3,1
24.5,0.5,9.1641035,89.99337,5,144,0,0
24.3,2.4999998,11.298495,99.36757,5,145,0,0
23.2,1.5,14.154915,99.35826,5,146,0,0
23.45,0.0,13.363711,94.89916,5,147,1,1
24.7,0.0,12.605142,77.80692,5,148,2,0
23.7,0.0,10.105681,94.19675,5,149,3,0
23.4,0.0,15.034041,82.37356,5,150,4,1
22.45,0.0,13.493999,89.720505,5,151,5,0
23.3,0.0,9.3876505,89.9056,5,152,6,1
24.5,0.0,8.905908,87.67738,6,153,7,1
25.25,0.0,15.629971,88.23851,6,154,8,2
25.95,0.0,11.298495,84.73669,6,155,9,1
25.8,0.0,17.643673,90.04451,6,156,10,2
26.0,0.0,14.241629,91.1411,6,157,11,1
26.2,0.0,11.923557,88.57751,6,158,12,1
25.75,0.0,11.013882,92.909805,6,159,13,1
26.05,0.0,13.797912,89.02522,6,160,14,0
26.4,0.0,17.015474,92.5455,6,161,15,1
25.85,0.0,14.57889,85.51161,6,162,16,0
25.7,0.0,9.726665,85.51161,6,163,17,1
26.0,0.0,11.5199995,82.02891,6,164,18,1
25.3,0.0,11.928989,82.64938,6,165,19,1
25.1,0.0,21.077686,73.212845,6,166,20,1
22.9,0.0,23.499481,83.31559,6,167,21,1
22.35,0.0,24.087738,89.252144,6,168,22,1
21.85,0.1,28.594517,93.71988,6,169,0,0
22.5,0.0,19.110542,95.22568,6,170,1,1
24.45,0.0,14.759999,90.60438,6,171,2,1
24.45,0.0,19.296133,97.13175,6,172,3,1
25.6,0.0,17.25373,88.649155,6,173,4,1
23.95,0.0,14.759999,78.54711,6,174,5,1
24.95,0.0,15.379206,80.02371,6,175,6,1
23.9,0.0,14.386494,92.483894,6,176,7,1
25.2,0.0,11.592895,82.61877,6,177,8,1
25.55,0.0,10.799999,77.82953,6,178,9,1
25.7,0.0,14.05845,80.80271,6,179,10,1
24.85,0.0,15.827721,81.05816,6,180,11,1
23.05,0.0,23.664352,85.1826,6,181,12,1
23.95,0.0,15.978484,74.98362,6,182,13,1
25.65,0.0,15.256526,82.626755,7,183,14,1
26.0,0.0,7.5685663,79.38617,7,184,15,1
25.9,0.0,9.531505,77.41718,7,185,16,1
25.7,0.0,17.418196,65.45572,7,186,17,2
24.75,0.0,18.64369,82.261345,7,187,18,1
25.1,0.0,16.595179,80.80271,7,188,19,1
24.05,0.0,16.78156,77.33279,7,189,20,1
25.35,0.0,10.086427,74.03763,7,190,21,1
25.85,0.0,14.154915,77.56879,7,191,22,2
25.25,0.0,24.36325,69.9046,7,192,23,1
26.25,0.0,15.876775,74.95268,7,193,24,1
25.6,0.0,13.32,73.47908,7,194,25,0
25.8,0.0,13.324863,77.371735,7,195,26,1
26.9,0.0,19.694992,71.26165,7,196,27,1
25.9,0.0,24.905132,67.852295,7,197,28,1
24.7,0.0,21.707731,62.253117,7,198,29,2
24.25,0.0,16.394829,80.411354,7,199,30,1
23.0,0.0,20.633371,80.07082,7,200,31,1
23.3,0.0,20.268991,71.43421,7,201,32,0
23.85,0.0,25.068514,78.58434,7,202,33,1
25.1,0.0,18.448023,77.82894,7,203,34,1
24.95,0.0,17.581125,84.27426,7,204,35,1
24.55,0.0,17.727943,77.05864,7,205,36,1
24.7,0.0,16.327497,71.53182,7,206,37,1
24.65,0.0,13.627795,81.20228,7,207,38,1
24.8,0.0,20.192118,76.6559,7,208,39,1
25.75,0.0,26.260265,84.02322,7,209,40,1
24.85,0.0,17.31746,81.413124,7,210,41,0
25.65,0.0,16.394829,76.07228,7,211,42,1
27.0,0.0,20.188908,66.51632,7,212,43,1
24.4,0.0,27.416782,55.71197,7,213,44,2
23.45,0.0,24.50381,90.01776,8,214,45,2
22.85,0.0,19.8,85.94437,8,215,46,1
22.5,0.0,23.863409,70.71251,8,216,47,2
23.4,0.0,22.253124,78.033295,8,217,48,1
22.45,0.0,24.187069,71.37172,8,218,49,1
22.75,0.0,23.535301,74.20209,8,219,50,1
22.5,0.0,25.764534,69.67678,8,220,51,1
22.75,0.0,19.70815,87.641174,8,221,52,1
23.1,0.0,20.150354,70.10527,8,222,53,1
25.1,0.0,16.299694,76.023865,8,223,54,1
26.7,0.0,12.964998,60.1219,8,224,55,1
27.25,0.0,15.484185,62.058533,8,225,56,2
27.3,0.0,16.75064,71.51243,8,226,57,1
27.85,0.0,14.168641,66.898834,8,227,58,2
29.95,0.0,9.511088,70.031654,8,228,59,1
29.25,0.0,10.195057,68.37634,8,229,60,1
30.65,0.0,12.10157,56.360634,8,230,61,1
30.5,0.0,13.684735,58.98617,8,231,62,1
30.35,0.0,12.313894,66.80966,8,232,63,2
30.6,0.0,11.726277,62.323326,8,233,64,1
26.35,0.0,15.893093,60.855465,8,234,65,1
26.15,0.0,17.771753,80.15399,8,235,66,1
24.65,0.0,17.298738,89.22047,8,236,67,1
28.8,0.0,18.919704,90.680984,8,237,68,1
27.3,0.0,16.520823,79.19207,8,238,69,0
26.55,0.0,14.869351,55.213512,8,239,70,2
27.9,0.0,16.263872,53.24183,8,240,71,1
27.55,0.0,17.114204,60.17088,8,241,72,1
28.2,0.0,16.267857,57.29499,8,242,73,2
29.0,0.0,14.241629,56.37407,8,243,74,1
29.35,0.0,18.861387,54.11032,8,244,75,2
28.4,0.0,18.448023,50.629646,9,245,76,2
26.85,0.0,19.70815,57.3075,9,246,77,2
27.2,0.0,15.273505,58.429543,9,247,78,2
28.0,0.0,14.830076,60.794014,9,248,79,2
28.3,0.0,18.0,55.99397,9,249,80,2
28.55,0.0,13.797913,57.07498,9,250,81,2
29.0,0.0,14.618837,58.068047,9,251,82,2
30.1,0.0,14.404499,58.79499,9,252,83,2
30.45,0.0,16.73516,59.779182,9,253,84,2
29.85,0.0,12.682018,50.656578,9,254,85,2
30.55,0.0,16.520823,53.15354,9,255,86,2
29.6,0.0,20.12461,46.45341,9,256,87,2
28.35,0.0,19.930477,54.164845,9,257,88,2
28.3,0.0,17.518356,61.02295,9,258,89,2
29.3,0.0,16.23596,53.381634,9,259,90,2
29.35,0.0,20.056877,43.706585,9,260,91,2
31.15,0.0,11.525623,53.860985,9,261,92,2
31.65,0.0,10.00256,45.675243,9,262,93,2
32.4,0.0,14.799459,39.754204,9,263,94,2
33.1,0.0,9.83268,37.365303,9,264,95,2
30.2,0.8,12.224107,62.087193,9,265,0,1
25.4,0.8,11.659777,78.69231,9,266,0,1
22.75,9.4,14.372974,95.3522,9,267,0,0
25.65,0.4,21.288757,99.36734,9,268,0,2
28.15,0.0,15.876775,85.22775,9,269,1,2
28.9,0.0,13.089354,74.77808,9,270,2,2
30.3,0.0,12.979984,68.92216,9,271,3,2
31.7,0.0,12.181624,62.645226,9,272,4,2
33.1,0.0,17.782688,54.476307,9,273,5,2
31.7,0.0,22.751316,46.87915,9,274,6,2
32.15,0.0,19.48661,54.521526,10,275,7,2
32.95,0.0,15.986595,51.956554,10,276,8,2
34.0,0.0,13.441071,37.508606,10,277,9,2
34.7,0.0,16.854767,35.13196,10,278,10,2
33.3,0.0,20.345573,37.52426,10,279,11,2
33.8,0.0,16.800856,42.339096,10,280,12,2
34.9,0.0,15.281989,40.713024,10,281,13,2
35.15,0.0,14.512064,35.127285,10,282,14,2
35.15,0.0,15.683774,33.822628,10,283,15,2
32.65,2.6999998,15.39184,70.89394,10,284,0,2
26.95,0.70000005,17.811815,92.77666,10,285,0,1
28.7,1.9000001,12.496719,93.024605,10,286,0,1
28.0,0.6,10.787993,83.80905,10,287,0,2
27.8,2.5,14.021525,84.177795,10,288,0,1
29.3,0.3,13.0447235,82.26865,10,289,0,2
29.35,0.2,14.345898,80.50553,10,290,0,1
31.55,0.7,21.915693,87.400734,10,291,0,2
26.9,0.0,17.81909,68.015686,10,292,1,2
23.3,11.400001,15.042659,98.14306,10,293,0,1
24.25,6.899999,11.435313,98.7563,10,294,0,1
27.15,3.8999999,10.661107,99.372154,10,295,0,2
26.35,4.6,12.783802,95.15163,10,296,0,2
25.95,21.300001,16.071491,95.41445,10,297,0,1
24.05,8.799999,17.31746,97.21658,10,298,0,0
25.05,1.7,22.366402,94.768654,10,299,0,0
24.35,6.7000003,18.057508,93.97673,10,300,0,1
27.5,1.3000001,15.379206,96.91506,10,301,0,1
23.75,20.600002,14.773164,96.61881,10,302,0,0
26.8,0.3,11.384198,94.790085,10,303,0,1
27.05,2.5,12.738099,92.28108,10,304,0,0
21.25,22.7,19.008545,96.023926,10,305,0,0
22.45,5.5999994,12.620554,96.59205,11,306,0,0
24.7,5.4,11.480557,95.11176,11,307,0,0
25.4,19.1,15.379206,98.43745,11,308,0,0
24.5,4.6,10.495713,96.260635,11,309,0,1
26.0,0.6,7.5685663,91.19314,11,310,0,1
27.6,1.4000001,10.144082,85.708046,11,311,0,1
28.15,4.1,16.65754,97.205,11,312,0,1
28.4,0.1,13.979871,87.65504,11,313,0,0
28.35,0.1,11.709688,79.69117,11,314,0,2
26.7,0.3,12.599999,90.724335,11,315,0,1
27.4,3.0,9.504273,87.55274,11,316,0,2
28.25,3.6,13.0447235,95.117256,11,317,0,1
26.75,0.8000001,10.00256,91.330826,11,318,0,1
24.95,6.5999994,17.373497,90.85154,11,319,0,1
26.1,10.3,10.483357,96.323395,11,320,0,0
26.95,6.2999997,15.119999,95.0548,11,321,0,0
24.45,9.0,16.563911,94.82686,11,322,0,0
25.95,5.2000003,12.4811535,92.75802,11,323,0,0
22.7,8.1,16.992609,95.1154,11,324,0,0
24.4,10.2,12.4811535,95.36789,11,325,0,0
27.1,1.2,11.659777,93.61844,11,326,0,0
26.3,3.6999998,13.441071,94.817215,11,327,0,0
21.95,6.1,14.561099,95.736694,11,328,0,0
24.4,4.0999994,19.008547,96.30546,11,329,0,0
23.4,7.6,25.241108,98.10818,11,330,0,1
25.25,0.8,22.7057,90.95194,11,331,0,0
25.3,1.3,15.256526,84.41145,11,332,0,1
26.55,0.1,19.134262,90.364624,11,333,0,1
25.15,0.0,19.93048,81.61414,11,334,1,1
26.1,0.0,17.873556,82.533806,11,335,2,1
27.75,0.0,11.183201,80.44122,12,336,3,0
29.65,0.0,14.05845,82.70407,12,337,4,1
29.65,0.0,14.904173,77.62305,12,338,5,0
28.35,0.1,11.043261,80.16132,12,339,0,1
27.75,6.5,10.8955765,92.19592,12,340,0,0
26.85,9.299999,17.58481,97.52807,12,341,0,0
25.0,8.7,12.074766,97.53274,12,342,0,0
27.45,0.6,16.055355,92.4471,12,343,0,0
25.0,19.100002,13.684735,96.60608,12,344,0,0
24.8,6.8999996,13.979872,95.69499,12,345,0,0
25.2,2.3999999,9.178235,96.580414,12,346,0,0
24.05,8.7,11.923557,98.13676,12,347,0,0
27.85,0.4,11.440979,97.22291,12,348,0,0
27.9,0.0,8.587338,77.842995,12,349,1,0
29.2,0.0,10.041354,77.37382,12,350,2,1
29.3,0.0,12.768586,75.18691,12,351,3,1
28.85,0.0,10.30883,80.72919,12,352,4,1
29.15,0.0,12.096214,77.246414,12,353,5,1
27.75,1.2,13.1041975,78.38844,12,354,0,0
25.25,3.9,19.201874,90.25222,12,355,0,0
26.55,13.900001,13.339445,93.63732,12,356,0,0
25.55,15.600001,12.979984,97.53367,12,357,0,0
24.75,11.900001,13.004922,96.62393,12,358,0,0
26.35,7.799999,15.546833,96.2761,12,359,0,0
24.4,23.600004,11.966953,97.22291,12,360,0,0
22.85,6.799999,12.261158,94.218956,12,361,0,0
24.5,4.7999997,8.669949,94.77841,12,362,0,0
26.2,0.4,14.693999,92.47483,12,363,0,0
27.5,0.0,14.154915,85.07014,12,364,1,0
27.5,0.3,10.948973,82.07632,12,365,0,0
27.6,2.0000002,9.0,82.00239,12,366,0,0
28.0,1.5000001,14.512064,89.864456,1,1,0,1
26.9,7.7,13.009903,94.82301,1,2,0,0
27.4,9.500001,12.768586,89.69294,1,3,0,1
23.5,2.9999998,10.495713,96.89757,1,4,0,0
26.8,1.2,8.287822,95.3522,1,5,0,1
28.0,0.4,11.440979,86.533165,1,6,0,0
27.8,0.9000001,10.948973,87.0837,1,7,0,1
27.2,2.3000002,14.386494,97.83413,1,8,0,0
28.05,6.3999996,9.021574,92.76864,1,9,0,0
27.0,13.7,10.948973,96.63405,1,10,0,0
26.75,11.5,13.755579,97.83326,1,11,0,0
26.25,6.5000005,9.779817,96.60869,1,12,0,0
26.8,5.0999994,11.620809,93.611336,1,13,0,0
24.8,5.8999996,11.792404,97.21977,1,14,0,0
25.3,2.2000003,15.484185,99.05846,1,15,0,0
22.1,23.200003,13.755579,96.00604,1,16,0,0
24.8,1.9000001,9.227524,96.27471,1,17,0,0
26.5,5.499999,12.599998,97.52248,1,18,0,0
26.55,1.1,10.829959,95.03803,1,19,0,0
26.0,0.1,15.03835,92.96234,1,20,0,0
26.85,0.0,14.759999,84.04301,1,21,1,0
26.25,0.4,15.827721,81.07631,1,22,0,0
27.05,0.0,14.830076,78.865425,1,23,1,0
27.35,0.0,15.2947035,77.6608,1,24,2,0
26.5,0.3,13.104198,80.48852,1,25,0,0
27.35,4.7000003,14.118243,90.548546,1,26,0,0
26.35,1.5000001,14.57889,93.68878,1,27,0,0
27.65,0.0,12.324414,83.61695,1,28,1,0
27.65,0.0,10.495713,71.72631,1,29,2,0
27.1,0.4,13.5515,81.12212,1,30,0,1
28.0,0.5,9.085988,77.73605,1,31,0,0
28.4,0.3,11.090103,85.70295,2,32,0,1
28.45,0.1,13.479583,86.87369,2,33,0,0
27.55,1.5,14.84318,87.94558,2,34,0,0
27.9,12.200001,7.172949,93.29644,2,35,0,1
26.9,10.300001,15.1884165,95.40589,2,36,0,0
22.25,13.599998,19.376562,94.84031,2,37,0,0
23.05,23.300001,17.10284,96.6074,2,38,0,0
24.1,20.699999,14.4,96.64035,2,39,0,0
25.2,1.4000001,10.009036,98.1168,2,40,0,0
25.75,2.4,8.473393,89.27027,2,41,0,0
25.75,3.6000001,12.313893,97.815155,2,42,0,0
23.75,12.3,11.709688,96.61881,2,43,0,0
25.45,5.8999996,12.682018,97.83326,2,44,0,0
25.55,11.799999,5.8048253,96.91506,2,45,0,0
26.25,46.999992,13.5515,95.12994,2,46,0,0
24.65,17.9,13.797913,96.31238,2,47,0,0
25.95,7.3,11.440978,99.05699,2,48,0,0
25.5,22.4,12.72283,96.91971,2,49,0,0
26.1,0.9000001,11.592895,97.23854,2,50,0,0
25.3,9.0,13.891522,97.536446,2,51,0,0
22.8,10.6,22.608458,97.512115,2,52,0,0
25.85,4.1999993,13.684735,97.21868,2,53,0,0
25.6,11.3,9.686609,95.637985,2,54,0,0
26.1,11.400001,10.829958,98.121124,2,55,0,0
25.85,5.1,14.145756,95.149864,2,56,0,0
22.75,20.0,11.440979,96.60353,2,57,0,0
21.75,20.400003,10.446206,96.30126,2,58,0,0
22.35,19.500002,16.418526,97.19868,2,59,0,0
24.2,0.70000005,19.513195,96.58303,3,60,0,0
24.75,0.5,19.995398,96.89522,3,61,0,0
26.15,0.5,15.986593,87.16348,3,62,0,0
26.55,0.4,10.514218,86.180565,3,63,0,0
27.1,0.1,12.324414,97.49318,3,64,0,1
27.3,1.3000001,12.738099,92.399605,3,65,0,0
26.9,0.8,10.495713,94.49531,3,66,0,0
26.1,5.4,13.281023,95.073296,3,67,0,0
25.3,4.2,10.308831,95.67883,3,68,0,0
24.6,2.8,13.138765,97.832466,3,69,0,0
25.55,0.2,12.879752,95.36789,3,70,0,0
25.85,2.7,12.074766,94.46444,3,71,0,0
25.5,2.3,9.387651,97.54389,3,72,0,0
25.7,8.900001,9.085988,98.12037,3,73,0,0
24.4,5.3,7.6367526,96.61759,3,74,0,0
23.15,9.8,7.8954163,95.70952,3,75,0,0
23.7,3.9999998,9.6932955,92.10355,3,76,0,0
24.35,1.6000001,14.512064,94.18015,3,77,0,0
25.0,2.0,10.805998,89.408905,3,78,0,0
25.55,2.3999999,16.434305,93.26404,3,79,0,0
23.85,0.90000004,20.870687,90.01168,3,80,0,0
25.35,0.4,22.81957,95.02496,3,81,0,0
27.1,0.0,14.764389,80.19442,3,82,1,0
27.35,0.0,15.84409,84.36161,3,83,2,0
26.8,0.0,17.731598,79.8446,3,84,3,0
27.05,0.0,12.768586,76.49994,3,85,4,1
27.45,0.0,10.829958,76.13662,3,86,5,0
28.55,0.0,10.823973,76.122154,3,87,6,1
28.9,0.0,9.107359,72.564156,3,88,7,0
27.8,0.1,10.440001,79.60582,3,89,0,0
27.25,0.1,9.6932955,83.46706,3,90,0,1
27.35,0.4,8.4042845,90.32223,4,91,0,0
27.2,3.4,12.43434,84.92927,4,92,0,1
26.0,14.900002,10.464798,96.63026,4,93,0,0
26.05,0.90000004,12.313893,95.72231,4,94,0,0
26.45,5.4,21.273533,99.68634,4,95,0,0
23.9,4.6,13.896187,93.61844,4,96,0,0
23.4,5.7999997,15.141414,99.36999,4,97,0,0
22.2,1.4000001,23.803596,97.821785,4,98,0,0
24.05,0.0,20.570463,87.09849,4,99,1,0
24.7,0.0,18.0036,85.00108,4,100,2,0
25.8,0.0,11.720751,82.0605,4,101,3,0
26.6,0.0,8.287822,82.99194,4,102,4,0
26.7,0.0,11.183201,83.08183,4,103,5,1
26.3,0.0,12.522619,77.45567,4,104,6,0
25.7,0.0,12.605142,84.08286,4,105,7,0
25.45,0.0,11.966953,86.37841,4,106,8,1
24.95,0.5,9.565437,81.74856,4,107,0,0
25.85,1.5,10.08,91.04402,4,108,0,0
24.85,1.9000001,11.043261,95.69341,4,109,0,0
24.2,1.2,10.464797,95.59826,4,110,0,0
25.1,0.0,10.1376915,76.77606,4,111,1,0
25.8,0.0,10.315115,71.601166,4,112,2,0
26.95,0.0,10.00256,75.71374,4,113,3,1
28.35,0.0,9.83268,74.137085,4,114,4,0
27.35,0.0,11.159999,84.37824,4,115,5,0
26.6,1.8000001,9.028754,92.65287,4,116,0,0
25.2,0.2,7.289445,86.14107,4,117,0,0
26.25,1.2,11.119281,88.311966,4,118,0,0
23.85,0.8000001,16.854767,94.79398,4,119,0,0
23.7,14.900001,17.414474,92.72323,4,120,0,0
24.05,0.0,17.771753,94.18015,5,121,1,0
24.1,0.0,15.328561,87.56548,5,122,2,0
24.35,0.0,13.75558,88.87502,5,123,3,0
24.5,0.0,15.517629,86.03074,5,124,4,1
24.1,0.0,15.39184,84.1088,5,125,5,0
24.65,0.7,10.948973,87.60156,5,126,0,1
26.65,0.6,7.342588,88.216354,5,127,0,1
25.1,0.0,14.291592,82.16735,5,128,1,0
24.7,0.0,20.598795,82.148544,5,129,2,1
24.2,0.0,18.416384,87.77172,5,130,3,0
23.6,0.0,14.408997,82.358444,5,131,4,1
25.75,0.0,11.620809,82.4831,5,132,5,0
25.2,0.0,14.685176,75.545006,5,133,6,1
25.65,0.0,11.542478,81.45228,5,134,7,1
24.7,0.0,11.885453,78.76174,5,135,8,1
24.5,0.0,10.383987,80.50031,5,136,9,0
23.9,0.0,10.365251,81.71476,5,137,10,0
24.55,0.0,10.514218,81.003395,5,138,11,0
25.45,0.0,14.154915,73.378,5,139,12,0
26.7,0.0,10.703569,74.9461,5,140,13,1
27.5,0.0,10.24578,80.384415,5,141,14,1
27.95,0.0,9.3669195,82.17968,5,142,15,1
28.1,0.1,12.641076,81.9443,5,143,0,0
26.15,0.2,10.661107,92.06262,5,144,0,1
27.45,0.0,10.587917,92.58983,5,145,1,2
27.25,0.0,12.074766,82.81941,5,146,2,1
27.4,0.0,10.594036,84.41145,5,147,3,2
27.35,0.0,15.683774,82.07632,5,148,4,0
27.05,0.0,9.779817,74.7105,5,149,5,1
26.8,0.0,12.9249525,78.36315,5,150,6,1
26.65,0.0,12.224107,84.83458,5,151,7,1
26.7,0.0,13.708391,79.94595,6,152,8,2
27.05,0.0,12.303366,80.32569,6,153,9,1
26.7,0.0,15.137133,79.50703,6,154,10,2
25.75,0.0,23.535301,77.29337,6,155,11,1
25.85,0.0,19.011953,72.53641,6,156,12,1
25.1,0.0,14.345898,84.389336,6,157,13,0
25.55,0.0,12.413477,83.515564,6,158,14,1
26.75,0.0,13.679999,80.001564,6,159,15,1
26.9,0.0,12.10157,77.084816,6,160,16,1
26.25,0.0,17.068707,79.16089,6,161,17,1
25.35,0.0,12.181625,79.95292,6,162,18,0
24.8,0.8,11.304229,88.2676,6,163,0,1
25.4,0.2,13.441071,78.53792,6,164,0,0
23.7,0.6,14.345898,87.41292,6,165,0,1
23.95,7.3999996,10.948973,93.17561,6,166,0,1
25.5,0.0,11.966954,95.90225,6,167,1,1
24.2,0.0,10.691453,71.85932,6,168,2,1
24.45,0.0,15.141414,73.306625,6,169,3,1
24.85,0.0,13.1041975,77.17643,6,170,4,1
26.1,0.0,11.753876,83.445366,6,171,5,1
25.4,0.0,11.440978,77.06917,6,172,6,2
26.3,0.0,13.202726,72.7358,6,173,7,1
25.95,0.0,16.981165,71.53559,6,174,8,1
26.1,0.0,15.876775,77.988884,6,175,9,1
25.25,0.0,12.324414,82.59421,6,176,10,1
23.9,0.0,18.331741,75.23638,6,177,11,2
23.55,0.0,12.682018,67.71109,6,178,12,1
23.2,0.0,11.480557,75.22799,6,179,13,1
22.45,0.0,15.042659,83.24643,6,180,14,1
21.95,0.0,13.493999,85.27221,6,181,15,2
23.85,0.0,15.84,59.722828,7,182,16,1
24.15,0.0,15.815435,89.68611,7,183,17,1
23.9,0.0,11.043261,78.30652,7,184,18,1
22.3,0.0,20.008356,73.49076,7,185,19,1
23.75,0.0,11.983188,70.64383,7,186,20,1
24.1,0.0,10.853866,81.329346,7,187,21,1
25.35,0.0,8.707238,79.55766,7,188,22,2
24.95,0.0,9.178235,74.35041,7,189,23,1
24.6,0.0,13.493999,65.614426,7,190,24,1
24.0,0.0,13.217443,66.09837,7,191,25,1
23.75,0.0,13.084402,65.284775,7,192,26,1
24.7,0.0,14.417988,62.963676,7,193,27,2
23.6,0.0,13.276144,66.7906,7,194,28,1
24.0,0.0,16.45007,66.90241,7,195,29,2
25.65,0.0,10.799999,68.23381,7,196,30,1
26.95,0.0,9.290511,76.64792,7,197,31,1
28.45,0.0,12.594856,65.900894,7,198,32,1
27.9,0.0,12.24,54.935886,7,199,33,1
26.5,0.0,22.104116,83.57299,7,200,34,2
26.15,0.0,17.339897,36.776234,7,201,35,1
26.15,0.0,15.778518,53.0318,7,202,36,2
25.35,0.0,20.140705,72.02559,7,203,37,1
23.6,0.0,21.605999,66.302864,7,204,38,2
23.7,0.0,18.899143,74.64957,7,205,39,1
24.55,0.0,16.645864,66.523186,7,206,40,2
24.75,0.0,12.758432,73.11429,7,207,41,1
26.45,0.0,11.043261,64.53186,7,208,42,2
28.15,0.0,14.021525,59.832176,7,209,43,2
24.7,0.0,19.803272,73.24959,7,210,44,2
26.15,0.0,11.570515,39.51191,7,211,45,2
26.45,0.0,20.883102,52.661827,7,212,46,1
25.3,0.0,16.203999,81.869705,8,213,47,2
24.7,0.0,15.517629,72.084946,8,214,48,2
26.6,0.0,10.853866,74.53196,8,215,49,2
25.95,0.0,16.279802,62.571384,8,216,50,2
24.05,0.0,21.188072,58.658524,8,217,51,1
22.35,0.0,21.99538,87.368805,8,218,52,2
22.8,0.0,17.731598,76.29566,8,219,53,1
24.5,0.0,14.764389,78.94394,8,220,54,2
25.2,0.0,14.917212,69.81564,8,221,55,1
26.4,0.0,11.246759,67.9449,8,222,56,2
27.55,0.0,15.596767,66.814644,8,223,57,2
28.15,0.0,16.595179,49.76084,8,224,58,2
27.1,0.0,18.59845,54.89112,8,225,59,2
27.95,0.0,17.31746,57.327774,8,226,60,2
28.45,0.0,15.256526,57.75884,8,227,61,2
28.2,0.0,15.496736,55.25637,8,228,62,2
28.8,0.0,19.33639,54.445415,8,229,63,2
27.45,0.0,22.104116,64.064995,8,230,64,2
25.75,0.0,21.566975,59.820885,8,231,65,2
25.65,0.0,20.188908,53.612465,8,232,66,2
26.85,0.0,19.08,64.578674,8,233,67,2
27.1,0.0,17.174677,65.8686,8,234,68,2
28.5,0.0,14.332341,55.598354,8,235,69,2
28.65,0.0,15.034041,55.04623,8,236,70,2
29.1,0.0,15.042659,49.883533,8,237,71,2
30.55,0.0,10.315115,52.533916,8,238,72,2
30.45,0.0,18.430452,49.63837,8,239,73,2
28.4,0.0,19.966211,52.513348,8,240,74,2
27.55,0.0,18.947083,74.43887,8,241,75,2
26.1,0.1,18.888851,66.12588,8,242,0,2
26.05,0.2,23.039999,64.54127,8,243,0,2
24.5,0.4,19.770523,76.03125,9,244,0,2
27.25,0.0,14.973576,78.85696,9,245,1,2
28.8,0.0,14.869351,66.664635,9,246,2,2
29.5,0.0,15.937878,62.57274,9,247,3,2
30.6,0.0,11.435313,53.145855,9,248,4,2
31.95,0.0,9.826088,42.88658,9,249,5,2
32.95,0.0,19.809813,35.81902,9,250,6,2
31.4,0.0,17.072504,41.309185,9,251,7,2
32.7,0.0,16.203999,42.61908,9,252,8,2
32.75,0.0,11.177405,50.927055,9,253,9,2
33.25,0.0,14.561099,71.859764,9,254,10,2
32.05,0.0,19.469976,39.814514,9,255,11,2
32.0,0.0,15.277749,38.633686,9,256,12,2
32.45,0.0,16.965895,51.78081,9,257,13,2
32.3,0.0,15.349684,31.342598,9,258,14,2
32.6,0.0,18.79255,37.685097,9,259,15,2
29.65,0.0,22.42427,37.630753,9,260,16,2
30.7,0.0,19.93048,42.40006,9,261,17,2
32.75,0.0,18.0,34.215305,9,262,18,2
33.35,0.0,16.279802,36.561375,9,263,19,2
33.4,0.0,15.778516,41.5369,9,264,20,2
34.2,0.0,13.1041975,36.519188,9,265,21,2
32.3,0.0,20.364674,55.604015,9,266,22,2
30.3,0.1,15.629971,79.45079,9,267,0,1
28.0,8.8,14.440443,88.886475,9,268,0,2
28.3,0.1,15.546833,87.07447,9,269,0,1
29.05,0.0,13.797912,69.5535,9,270,1,2
29.85,0.0,15.5843,62.724705,9,271,2,2
29.85,0.0,13.493999,63.60644,9,272,3,2
29.65,0.2,9.47012,76.838524,9,273,0,2
29.5,0.6,16.039202,76.03215,10,274,0,2
28.85,0.6,12.57426,87.26008,10,275,0,2
29.2,0.3,11.620809,77.109856,10,276,0,1
30.0,0.3,12.261158,76.84855,10,277,0,2
31.55,0.0,18.584509,81.2197,10,278,1,2
32.85,0.0,18.723461,72.713394,10,279,2,2
31.6,0.0,17.377226,51.247772,10,280,3,2
32.8,0.0,20.163212,73.959625,10,281,4,2
31.0,0.3,17.309973,72.569176,10,282,0,2
28.95,10.8,12.682018,87.55242,10,283,0,1
26.2,21.2,14.512064,94.525955,10,284,0,0
26.9,3.4,15.496736,97.2208,10,285,0,0
26.8,7.1,14.587776,97.824234,10,286,0,1
25.6,3.8000002,18.0,90.1599,10,287,0,1
27.4,0.5,13.202726,99.06592,10,288,0,0
26.35,4.2000003,13.584932,92.15858,10,289,0,1
28.5,0.9,10.233123,92.49966,10,290,0,1
25.85,0.6,10.661107,92.750015,10,291,0,1
26.5,2.8,15.978484,95.099,10,292,0,0
28.25,2.1,15.978486,97.1891,10,293,0,1
25.3,4.0,14.404499,97.19337,10,294,0,1
26.6,4.9,15.778516,96.89639,10,295,0,0
27.1,2.4,12.245294,93.30637,10,296,0,1
28.9,9.5,16.58346,94.20176,10,297,0,0
27.55,15.1,13.004922,93.00134,10,298,0,0
27.7,13.2,17.873556,97.82671,10,299,0,0
28.35,1.0,20.898611,97.82917,10,300,0,2
28.65,0.0,20.082708,76.18481,10,301,1,1
27.9,0.0,17.643673,80.3914,10,302,2,2
28.1,0.90000004,19.917469,83.2225,10,303,0,1
24.4,5.1,16.923828,94.772575,10,304,0,0
24.5,2.5999997,25.460934,91.55983,11,305,0,0
24.2,1.9000001,18.532135,94.48712,11,306,0,0
23.55,3.1,18.864824,95.071434,11,307,0,0
25.2,15.299999,17.709658,96.28872,11,308,0,0
26.05,12.5,9.826088,93.889084,11,309,0,0
27.45,0.70000005,10.594036,94.50146,11,310,0,0
24.45,3.9999998,11.269782,91.556786,11,311,0,0
24.45,2.0,11.91812,94.51577,11,312,0,0
24.95,2.1999998,13.339445,99.06666,11,313,0,0
23.8,2.9999998,22.7057,97.51778,11,314,0,0
22.95,6.8,12.074766,96.91506,11,315,0,0
24.25,11.3,12.229406,97.81433,11,316,0,0
24.75,19.6,16.766108,97.21868,11,317,0,0
23.65,33.1,12.6462,98.13535,11,318,0,0
23.3,0.5,20.608229,95.642914,11,319,0,0
23.45,6.799999,19.562946,96.89171,11,320,0,0
23.55,0.2,19.211996,92.680046,11,321,0,0
23.65,8.200001,15.484185,95.42301,11,322,0,0
26.8,2.6,14.458382,96.89287,11,323,0,0
26.35,3.5,12.224107,97.223915,11,324,0,0
25.3,21.300001,11.159999,96.00153,11,325,0,1
26.35,10.9,10.799999,97.824234,11,326,0,0
27.35,2.4,9.726665,98.11754,11,327,0,0
27.45,0.2,16.394829,95.93933,11,328,0,0
28.35,0.0,14.021525,77.10215,11,329,1,0
28.2,0.0,17.518356,74.7704,11,330,2,1
27.35,4.8,24.967499,90.20975,11,331,0,0
24.75,2.5,21.470612,96.00001,11,332,0,1
25.65,4.2999997,13.207634,98.13535,11,333,0,0
26.65,1.3,11.269782,97.81846,11,334,0,0
26.75,5.1,15.941944,96.927795,12,335,0,0
25.9,4.8999996,11.177405,95.701485,12,336,0,0
25.6,5.0,9.726664,97.52151,12,337,0,0
25.8,11.299998,16.923828,98.43863,12,338,0,0
25.0,2.2,17.709658,98.43983,12,339,0,0
25.05,15.2,15.042659,96.884636,12,340,0,0
26.3,4.0999994,14.255272,99.050476,12,341,0,0
26.25,0.8,12.015589,91.81111,12,342,0,0
25.85,5.3,12.57426,91.57531,12,343,0,0
26.35,14.400001,9.028754,95.683685,12,344,0,0
25.15,7.7000003,12.964998,96.00001,12,345,0,0
25.85,11.700001,13.608762,98.447525,12,346,0,0
25.7,15.799999,13.392774,97.8382,12,347,0,0
26.7,3.7999995,17.429354,97.53551,12,348,0,0
23.45,1.6,12.9249525,92.22447,12,349,0,0
25.95,7.9,16.394829,95.12087,12,350,0,0
25.15,10.000002,11.165805,97.524345,12,351,0,0
25.15,24.9,9.028754,97.541084,12,352,0,0
26.25,25.7,17.81909,96.91041,12,353,0,0
25.7,14.7,16.23596,98.747765,12,354,0,0
25.7,10.8,11.090103,97.83004,12,355,0,0
26.3,0.1,12.10157,97.20816,12,356,0,0
25.3,12.1,14.118243,98.45222,12,357,0,0
21.6,7.3000007,10.883676,98.14165,12,358,0,0
25.55,1.6000001,15.986595,100.0,12,359,0,0
26.2,0.6,16.039202,99.36659,12,360,0,0
26.7,9.900001,17.447933,98.746346,12,361,0,0
23.95,0.4,19.453327,97.217674,12,362,0,0
24.7,9.900001,15.937878,97.50364,12,363,0,0
23.3,26.5,16.79314,96.59205,12,364,0,0
23.05,22.799997,20.907913,96.309586,12,365,0,0
21.2,26.2,17.81909,96.888176,1,1,0,0
24.0,4.4999995,19.513195,99.06204,1,2,0,0
24.8,1.8000002,15.141414,97.52248,1,3,0,0
24.45,6.7000003,16.870138,98.1168,1,4,0,0
25.8,1.3000002,15.484185,96.91739,1,5,0,0
24.3,11.8,13.527572,97.23021,1,6,0,0
22.55,7.3,20.592503,96.01496,1,7,0,0
22.3,5.0,18.218275,97.22182,1,8,0,0
21.6,23.0,19.272614,97.52248,1,9,0,0
23.95,5.7000003,20.12461,96.91041,1,10,0,0
23.2,14.500001,18.25026,97.21241,1,11,0,0
23.85,9.1,15.137133,98.133934,1,12,0,0
25.9,6.6,14.587776,98.7343,1,13,0,0
28.1,0.70000005,18.03237,98.121124,1,14,0,0
27.85,0.0,18.374111,78.70003,1,15,1,0
28.85,0.0,14.84318,85.75407,1,16,2,0
27.4,0.4,16.862455,87.80617,1,17,0,0
27.7,0.4,15.379206,90.64949,1,18,0,0
27.65,0.0,15.0038395,81.38935,1,19,1,1
28.7,0.0,14.799459,86.656235,1,20,2,0
26.3,6.2999997,18.532135,83.72352,1,21,0,1
26.55,1.4,12.661564,88.36912,1,22,0,1
27.65,0.1,14.205182,88.12586,1,23,0,0
28.7,1.4,11.090103,94.14751,1,24,0,1
27.15,1.6000001,11.966953,92.12389,1,25,0,0
23.35,31.300003,12.096214,97.19014,1,26,0,0
24.4,16.3,15.111424,97.50837,1,27,0,0
25.6,2.0,15.137133,94.73721,1,28,0,0
25.6,0.70000005,20.06334,95.052925,1,29,0,0
25.75,0.4,21.046917,93.86404,1,30,0,0
24.35,3.0,15.021105,95.98045,1,31,0,0
26.3,4.9,16.263872,95.08251,2,32,0,0
26.85,1.3000001,9.693296,97.821785,2,33,0,1
24.7,2.1999998,13.684735,98.43863,2,34,0,0
26.55,0.90000004,14.512064,97.20288,2,35,0,1
25.5,5.2,11.090103,95.0788,2,36,0,0
24.05,5.0999994,12.6462,98.133934,2,37,0,0
24.9,3.7000003,10.538843,93.04514,2,38,0,0
26.2,11.6,13.363711,96.61505,2,39,0,0
25.5,12.9,15.580141,95.376564,2,40,0,0
23.95,4.2999997,15.580141,96.62644,2,41,0,0
25.05,5.9,13.18308,95.11176,2,42,0,0
26.1,5.3999996,12.24,94.53406,2,43,0,0
23.4,5.5999985,11.885453,98.44219,2,44,0,0
25.7,3.3999999,11.91812,96.58947,2,45,0,0
27.1,13.600002,8.217153,98.43983,2,46,0,0
25.15,16.699999,9.1641035,98.13039,2,47,0,0
25.05,21.300003,10.594036,97.824234,2,48,0,0
25.0,10.300001,18.228943,95.948524,2,49,0,0
23.2,11.9,13.891522,95.40416,2,50,0,0
23.75,29.4,9.0,96.89287,2,51,0,0
25.5,6.9,13.004921,99.05485,2,52,0,0
26.2,15.500001,13.441071,99.68634,2,53,0,0
26.15,0.1,16.923828,99.36805,2,54,0,0
26.5,0.3,9.931042,95.028725,2,55,0,0
27.55,1.0,17.313717,91.27679,2,56,0,1
27.05,0.70000005,17.298738,97.21452,2,57,0,0
27.55,0.0,16.267857,90.96187,2,58,1,1
26.9,0.0,16.981165,86.11133,2,59,2,0
26.85,1.1,14.168641,84.53236,3,60,0,1
26.8,3.6,24.490587,90.5703,3,61,0,0
26.9,6.7999997,16.1198,94.756905,3,62,0,0
25.95,4.7,15.546833,94.10798,3,63,0,0
26.7,0.3,17.294992,96.87044,3,64,0,0
26.25,0.3,17.447933,87.74442,3,65,0,0
25.8,1.1,16.862455,93.29397,3,66,0,0
26.55,0.8000001,20.883104,91.26079,3,67,0,0
27.45,0.1,14.512064,83.26801,3,68,0,0
27.2,0.4,10.041354,81.88787,3,69,0,0
27.85,0.2,8.209263,86.24926,3,70,0,1
27.25,13.2,13.684735,94.1845,3,71,0,0
26.0,0.70000005,11.090103,94.497375,3,72,0,1
25.6,10.800001,8.669949,94.52187,3,73,0,0
25.4,12.599999,10.966713,96.62393,3,74,0,0
26.0,0.9000001,13.044722,94.817215,3,75,0,0
26.05,0.0,13.896187,92.47483,3,76,1,0
26.45,2.1,18.532133,94.47884,3,77,0,1
27.25,0.6,14.154915,89.76816,3,78,0,0
28.3,0.0,13.1041975,74.95446,3,79,1,1
26.0,0.8,17.373497,75.15764,3,80,0,0
25.35,0.6,26.661882,86.470604,3,81,0,0
26.0,0.5,22.027763,87.51239,3,82,0,0
26.35,0.90000004,15.192682,91.506996,3,83,0,1
26.2,0.90000004,11.246759,89.82015,3,84,0,0
27.55,0.2,12.313893,91.78996,3,85,0,0
27.8,0.5,14.830076,87.30113,3,86,0,0
27.75,0.1,14.799459,84.570564,3,87,0,0
28.5,0.0,16.862455,82.74624,3,88,1,1
27.8,0.1,11.720751,78.271866,3,89,0,0
28.65,0.0,14.118243,81.40868,3,90,1,1
28.1,0.0,13.276144,76.29713,4,91,2,0
27.65,0.0,18.0036,75.68934,4,92,3,1
28.3,0.0,21.986542,77.59278,4,93,4,1
28.25,0.0,18.331741,78.09346,4,94,5,0
28.5,0.0,15.745627,78.85312,4,95,6,1
28.2,0.0,12.959999,78.88703,4,96,7,0
28.6,0.1,12.979984,81.824745,4,97,0,1
28.8,1.1,12.538134,84.44916,4,98,0,0
28.6,0.2,9.826088,87.915276,4,99,0,0
29.3,0.3,14.458382,87.672676,4,100,0,0
25.85,8.700001,8.225035,93.37279,4,101,0,1
25.55,17.7,15.226764,98.13748,4,102,0,1
26.45,5.6,14.113652,95.9774,4,103,0,0
26.85,0.6,12.074766,93.29397,4,104,0,0
26.0,2.9999998,14.20062,92.98577,4,105,0,0
26.2,0.1,12.496719,84.958374,4,106,0,0
25.35,0.9000001,15.124284,90.371666,4,107,0,0
24.9,0.9000001,18.25026,94.445786,4,108,0,0
25.8,0.0,21.42227,89.99704,4,109,1,0
26.75,0.0,17.28,77.85438,4,110,2,0
26.6,0.0,15.84409,77.20169,4,111,3,1
27.85,0.0,13.450708,72.941124,4,112,4,0
27.05,0.9,11.304229,83.18749,4,113,0,1
27.25,0.4,17.727943,85.8605,4,114,0,0
27.75,0.0,22.380884,79.11909,4,115,1,1
27.0,0.0,18.584509,87.18657,4,116,2,1
26.85,0.0,17.709658,84.065926,4,117,3,1
27.0,0.0,21.599998,88.56506,4,118,4,1
26.65,0.0,16.854767,81.6527,4,119,5,1
27.05,0.0,17.76081,80.270966,4,120,6,1
26.3,0.0,16.854767,73.183266,5,121,7,0
26.85,0.0,14.440443,78.29647,5,122,8,1
27.45,0.0,12.313894,76.79951,5,123,9,1
28.1,0.2,15.1884165,78.961525,5,124,0,1
26.55,1.7,14.689588,95.95462,5,125,0,1
27.35,0.3,11.27553,95.96377,5,126,0,0
26.35,3.3,16.394829,93.85717,5,127,0,1
26.7,0.5,15.978484,94.15626,5,128,0,1
26.1,0.0,16.520823,84.389336,5,129,1,1
24.9,0.0,15.629971,82.36112,5,130,2,1
26.05,0.0,8.825508,79.62704,5,131,3,1
26.7,0.0,10.08,78.153175,5,132,4,1
27.1,0.4,13.493999,79.11749,5,133,0,1
27.25,0.0,18.671474,76.04203,5,134,1,1
27.4,0.0,12.9249525,85.49289,5,135,2,0
25.8,1.6,14.773164,93.190865,5,136,0,1
24.4,0.3,14.578888,95.61654,5,137,0,1
18.9,0.0,17.193533,80.822914,5,138,1,1
19.45,0.0,15.778518,76.02644,5,139,2,2
22.25,0.0,12.979984,86.3305,5,140,3,1
24.65,0.0,12.287555,79.51779,5,141,4,1
25.05,0.0,14.264361,78.08681,5,142,5,1
26.0,0.0,12.313894,84.31372,5,143,6,1
24.95,0.0,18.0036,71.83146,5,144,7,1
23.8,0.0,19.469976,75.261475,5,145,8,1
24.45,0.0,23.14103,85.97493,5,146,9,1
24.45,0.0,16.78156,83.52607,5,147,10,1
25.0,0.0,12.496719,78.842354,5,148,11,1
26.65,0.0,10.853866,70.81018,5,149,12,1
27.45,0.0,8.473393,58.487366,5,150,13,2
28.0,0.0,13.1041975,65.81467,5,151,14,1
27.45,0.0,16.23596,63.81849,6,152,15,2
27.7,0.0,10.105681,74.03763,6,153,16,2
27.2,0.0,16.485485,65.67938,6,154,17,2
26.85,0.0,19.110542,67.91406,6,155,18,2
24.05,0.0,21.38897,87.82514,6,156,19,1
24.9,0.0,15.256526,82.602,6,157,20,1
26.45,0.0,8.64,71.0683,6,158,21,1
27.75,0.0,13.905509,77.3484,6,159,22,1
27.35,0.0,12.661564,64.36942,6,160,23,1
27.85,0.0,16.179985,83.01129,6,161,24,1
25.3,0.0,15.778518,92.81923,6,162,25,1
26.0,0.0,15.484185,89.5599,6,163,26,0
25.6,0.2,14.113653,79.05247,6,164,0,1
26.7,0.0,18.448023,69.31349,6,165,1,1
25.45,0.70000005,14.587776,87.95724,6,166,0,1
26.0,0.0,13.910169,83.70683,6,167,1,2
26.85,0.0,11.367109,78.68808,6,168,2,1
26.85,0.0,16.039202,54.90652,6,169,3,1
26.85,0.0,16.65754,75.24475,6,170,4,1
25.65,0.0,17.309973,73.14122,6,171,5,2
25.4,0.0,20.172853,83.01731,6,172,6,1
25.55,0.0,15.256526,83.95426,6,173,7,2
25.35,0.0,14.618837,79.271454,6,174,8,2
25.45,0.0,15.484185,76.63194,6,175,9,1
24.9,0.0,15.315873,78.33656,6,176,10,2
25.2,0.0,15.629972,68.415,6,177,11,1
24.35,0.0,16.595179,75.769035,6,178,12,1
24.45,0.0,14.84318,81.108955,6,179,13,1
25.35,0.0,10.990322,77.98341,6,180,14,2
25.45,0.0,12.819235,75.87604,6,181,15,1
26.25,0.0,16.862455,64.98609,7,182,16,1
25.95,0.0,17.555305,69.904434,7,183,17,1
25.05,0.0,18.837322,73.509254,7,184,18,1
23.5,0.0,23.042812,73.624535,7,185,19,2
23.75,0.0,19.0392,71.38037,7,186,20,1
24.75,0.0,18.532133,71.67094,7,187,21,2
25.25,0.0,14.917212,73.56252,7,188,22,1
25.0,0.0,16.215992,74.78825,7,189,23,2
24.2,0.0,20.570463,68.86209,7,190,24,1
23.75,0.0,19.93048,71.488625,7,191,25,1
24.2,0.0,19.05281,72.82381,7,192,26,1
25.55,0.0,9.504273,79.11952,7,193,27,1
25.8,0.0,12.6462,70.47236,7,194,28,2
25.95,0.0,18.214718,70.56329,7,195,29,1
26.05,0.0,13.797912,69.32743,7,196,30,1
26.7,0.0,12.879752,75.55656,7,197,31,1
26.5,0.0,14.973576,72.05454,7,198,32,1
25.4,0.0,23.576563,66.01333,7,199,33,2
25.7,0.0,16.595179,78.21817,7,200,34,1
24.7,0.0,18.228943,63.859276,7,201,35,2
24.45,0.0,18.345877,70.56943,7,202,36,1
24.75,0.0,18.0036,67.71789,7,203,37,2
25.5,0.0,14.440443,66.61619,7,204,38,1
25.8,0.0,18.25026,70.74305,7,205,39,1
25.55,0.0,15.84409,72.08238,7,206,40,1
25.35,0.0,16.327497,72.45071,7,207,41,1
24.55,0.0,20.598795,69.52893,7,208,42,2
26.2,0.0,12.57426,76.17368,7,209,43,1
27.2,0.0,11.726277,61.650414,7,210,44,2
28.0,0.0,16.1198,46.90543,7,211,45,1
28.6,0.0,14.654254,61.709457,7,212,46,2
28.95,0.0,15.277749,53.743183,8,213,47,2
27.55,0.0,18.204042,58.761475,8,214,48,2
27.15,0.0,18.1041,62.749683,8,215,49,2
26.85,0.0,14.759999,59.941586,8,216,50,2
29.3,0.0,9.290511,48.6098,8,217,51,1
29.05,0.0,15.39184,45.776596,8,218,52,1
30.15,0.0,14.934577,43.192066,8,219,53,2
30.35,0.0,13.53236,49.502533,8,220,54,1
29.65,0.0,14.404499,66.66359,8,221,55,1
28.75,0.0,21.398056,83.73571,8,222,56,2
26.9,0.0,17.072504,70.268364,8,223,57,2
27.9,0.0,14.24163,52.3762,8,224,58,2
27.9,0.0,15.484185,60.604115,8,225,59,1
26.7,0.0,16.394829,67.17065,8,226,60,2
27.65,0.0,13.755579,57.893536,8,227,61,1
27.9,0.0,12.738099,54.639954,8,228,62,1
29.25,0.0,16.263872,55.841576,8,229,63,2
28.95,0.0,13.755579,54.458412,8,230,64,2
28.35,0.0,16.78156,63.32167,8,231,65,2
26.1,0.0,28.467329,73.355286,8,232,66,2
25.25,0.0,20.883104,80.7622,8,233,67,2
24.75,0.0,22.033648,66.626854,8,234,68,2
24.75,0.0,22.392462,59.217846,8,235,69,2
26.05,0.0,18.0036,59.929054,8,236,70,2
25.8,0.0,18.391735,53.466938,8,237,71,2
26.3,0.0,18.888851,53.744118,8,238,72,2
27.2,0.0,18.692286,55.968487,8,239,73,2
29.0,0.0,17.610588,57.049835,8,240,74,2
29.3,0.0,20.371038,48.43105,8,241,75,2
28.15,0.0,21.659916,47.988125,8,242,76,2
26.05,0.0,20.172853,70.28782,8,243,77,2
25.55,0.0,20.774214,61.27898,9,244,78,2
26.6,0.0,15.281989,57.730858,9,245,79,2
29.3,0.0,12.303366,61.709076,9,246,80,2
30.55,0.0,17.072504,40.61596,9,247,81,2
29.9,0.0,20.008356,41.612083,9,248,82,2
28.1,0.0,22.682856,69.66386,9,249,83,2
27.4,0.0,18.35647,60.324528,9,250,84,2
29.6,0.0,18.057508,60.15792,9,251,85,2
29.8,0.0,17.76081,54.923447,9,252,86,2
31.0,0.0,14.689588,46.54439,9,253,87,2
31.75,0.0,15.273505,31.023233,9,254,88,2
32.4,0.0,20.620804,31.611462,9,255,89,2
32.65,0.0,20.240196,38.406586,9,256,90,2
33.1,0.0,12.783802,33.72287,9,257,91,2
30.55,0.0,17.84816,62.52715,9,258,92,2
31.2,0.0,18.057508,74.051674,9,259,93,2
30.0,3.5,20.833395,75.53806,9,260,0,2
28.35,1.2,15.893093,92.15858,9,261,0,2
27.95,0.8,17.057314,87.30571,9,262,0,1
27.4,5.2000003,14.417988,87.26465,9,263,0,2
27.9,2.1999998,16.80857,94.780365,9,264,0,1
27.65,12.2,18.448023,94.54621,9,265,0,1
24.8,0.8000001,11.457958,97.21868,9,266,0,1
26.25,2.1,12.313894,95.39039,9,267,0,1
24.25,0.3,24.315327,94.50352,9,268,0,1
27.75,0.0,17.283749,93.85259,9,269,1,1
29.75,0.0,10.587917,77.55485,9,270,2,2
29.8,0.1,13.039754,88.90313,9,271,0,2
29.65,0.3,15.856354,88.63948,9,272,0,2
29.55,0.1,21.129885,85.13343,9,273,0,2
28.65,0.0,22.751316,85.33768,10,274,1,2
27.85,11.1,19.813087,91.81111,10,275,0,2
27.5,8.2,14.386494,89.54268,10,276,0,2
28.15,0.8000001,13.1041975,83.00218,10,277,0,2
27.4,2.3,13.556282,95.659294,10,278,0,2
30.1,0.0,19.008545,83.501816,10,279,1,2
25.4,17.2,23.617756,91.553665,10,280,0,2
28.5,0.70000005,12.144331,96.8999,10,281,0,2
27.45,6.4999995,19.134262,97.20288,10,282,0,2
29.05,0.0,22.104116,94.776474,10,283,1,2
29.7,0.0,22.476227,64.979645,10,284,2,2
29.7,0.0,18.59845,57.988827,10,285,3,2
29.0,0.0,19.137648,53.510006,10,286,4,2
30.45,0.0,18.448023,69.100945,10,287,5,1
31.1,0.0,23.110205,51.767525,10,288,6,2
29.05,0.0,21.9718,63.557865,10,289,7,2
30.7,0.0,17.873554,59.92576,10,290,8,2
32.0,0.0,19.930477,47.788593,10,291,9,2
31.7,0.0,20.111729,50.562916,10,292,10,1
32.0,0.0,16.595179,50.043976,10,293,11,2
30.15,1.0,23.166218,76.53279,10,294,0,0
28.3,2.2,17.595861,82.842125,10,295,0,1
23.95,7.599999,13.849476,91.86511,10,296,0,0
23.25,7.799999,12.594856,96.88346,10,297,0,0
27.75,0.3,11.609651,96.58687,10,298,0,0
29.05,0.0,13.324863,88.688705,10,299,1,1
29.1,0.2,12.979984,80.64278,10,300,0,1
29.35,1.0,16.135872,93.56131,10,301,0,1
27.5,6.9999995,16.489416,93.63496,10,302,0,0
27.75,1.0000001,15.905319,94.49531,10,303,0,0
28.1,1.9000001,14.917212,85.07539,10,304,0,0
26.7,14.800002,12.904882,94.57642,11,305,0,0
22.35,12.300001,17.555305,96.00153,11,306,0,0
21.45,1.7000003,19.969458,95.06957,11,307,0,1
22.1,1.1000001,20.898611,94.334,11,308,0,1
23.6,1.1,18.455048,93.13203,11,309,0,1
26.6,0.70000005,10.44,83.59111,11,310,0,0
27.05,3.1,14.05845,90.28315,11,311,0,1
25.7,10.5,12.10157,92.8966,11,312,0,0
27.3,3.0,13.441071,90.94532,11,313,0,1
27.7,6.2000003,14.021525,95.34872,11,314,0,1
25.95,5.1000004,12.57426,94.19744,11,315,0,0
26.45,7.7,13.441071,95.06407,11,316,0,0
27.15,5.7,10.163227,96.59072,11,317,0,0
27.35,17.1,12.144331,95.416176,11,318,0,0
24.9,13.8,14.471821,96.28733,11,319,0,0
25.8,4.7,11.480557,95.99249,11,320,0,0
26.4,0.9,10.446206,94.74511,11,321,0,0
26.45,1.5999999,13.479583,88.11729,11,322,0,0
26.25,11.4,19.201874,98.426704,11,323,0,0
23.85,4.2,17.414474,96.862114,11,324,0,0
26.4,0.8,16.595179,96.56227,11,325,0,0
25.75,16.900002,13.551501,97.801,11,326,0,0
24.1,25.700003,8.825508,96.89522,11,327,0,0
25.05,19.699999,11.592895,96.87873,11,328,0,0
25.1,5.6,12.218805,99.67966,11,329,0,0
24.75,0.5,8.913181,95.67071,11,330,0,0
24.7,8.6,12.904882,94.80947,11,331,0,0
25.25,5.2,14.007655,97.47596,11,332,0,0
25.2,4.9,15.596767,98.4249,11,333,0,0
23.7,0.2,21.566973,98.74442,11,334,0,0
25.55,1.3,16.1198,95.67236,12,335,0,0
25.05,10.5,14.904173,97.19868,12,336,0,0
22.85,13.2,14.654254,97.515915,12,337,0,0
25.05,5.7999997,14.168641,95.99249,12,338,0,0
25.45,4.9,15.141414,97.19972,12,339,0,0
23.6,5.4999995,16.418526,97.512115,12,340,0,0
25.3,1.5,10.805998,97.82093,12,341,0,1
26.95,4.7,15.1884165,95.0548,12,342,0,1
25.45,8.4,14.917212,96.2929,12,343,0,0
24.3,30.400003,17.654688,96.31512,12,344,0,0
27.1,1.2,15.03835,88.7254,12,345,0,0
26.85,2.1999998,20.418695,93.877716,12,346,0,0
24.9,0.5,19.493261,90.98828,12,347,0,0
24.3,10.2,15.893093,93.08347,12,348,0,0
22.7,5.899999,14.118243,98.13888,12,349,0,0
23.1,20.3,14.689589,96.90457,12,350,0,0
22.95,8.8,21.868332,96.60099,12,351,0,0
25.2,5.899999,16.704155,97.499855,12,352,0,0
25.4,7.5,15.30741,97.51871,12,353,0,0
22.8,8.8,26.28,96.91506,12,354,0,0
22.45,9.6,18.335276,95.99249,12,355,0,0
24.4,2.3,15.778518,97.81598,12,356,0,0
25.55,13.8,12.24,97.17086,12,357,0,0
25.35,11.099998,14.799459,96.89639,12,358,0,0
24.3,16.599998,14.799459,98.43863,12,359,0,0
20.4,34.1,19.855558,97.51778,12,360,0,0
23.9,7.5999994,14.494192,97.51402,12,361,0,0
25.85,3.1999998,14.759999,93.05796,12,362,0,0
24.95,0.8,16.595179,95.39212,12,363,0,0
25.4,12.2,13.5515,96.31095,12,364,0,0
25.2,2.6999998,16.394829,99.37069,12,365,0,0
25.55,1.6999999,15.778518,99.684784,1,1,0,0
27.1,4.3,16.79314,93.61844,1,2,0,0
24.3,15.300001,14.587776,97.49793,1,3,0,0
23.6,0.8000001,15.617529,96.29849,1,4,0,0
24.35,3.6,15.815435,96.91274,1,5,0,0
22.4,10.099999,21.42227,96.00604,1,6,0,0
25.65,3.9,13.441071,98.73962,1,7,0,0
24.4,8.400001,16.055355,98.12826,1,8,0,0
24.7,9.5,14.264361,98.11538,1,9,0,0
25.95,2.3000002,12.074766,97.78497,1,10,0,0
25.55,6.0999994,17.429354,97.50267,1,11,0,0
25.85,15.400001,10.703569,97.49318,1,12,0,0
24.85,16.3,18.289274,94.85369,1,13,0,0
26.1,11.8,9.449572,97.19868,1,14,0,0
26.05,2.2,12.768586,95.96835,1,15,0,0
26.55,0.6,15.484185,95.056625,1,16,0,0
26.35,0.0,15.03835,84.883224,1,17,1,0
26.35,0.1,13.441071,89.693146,1,18,0,0
24.8,4.9,13.493999,91.444145,1,19,0,0
25.55,13.1,15.484185,94.78622,1,20,0,0
23.6,5.2999997,20.140705,96.26486,1,21,0,0
25.05,4.7,19.602652,98.73091,1,22,0,0
24.6,4.4,18.514643,96.593285,1,23,0,0
25.5,2.4,19.386593,93.308846,1,24,0,0
26.05,14.6,11.753877,95.69499,1,25,0,0
23.5,18.1,12.371645,96.01649,1,26,0,0
25.55,8.5,13.397612,96.91739,1,27,0,0
25.75,3.8999994,13.708391,95.95769,1,28,0,0
24.95,11.0,15.1884165,96.26486,1,29,0,0
26.15,15.000001,15.042659,97.81099,1,30,0,0
26.35,0.2,11.592895,95.66096,1,31,0,0
26.15,0.2,14.561099,87.01422,2,32,0,0
27.95,0.0,14.904173,82.61317,2,33,1,0
25.45,2.3,10.829959,90.2974,2,34,0,1
25.75,12.400002,11.252519,94.790085,2,35,0,0
26.2,8.300001,15.379206,94.2553,2,36,0,0
25.45,1.1,9.693296,94.753,2,37,0,0
28.2,0.3,9.3669195,94.7608,2,38,0,0
27.55,0.4,10.587918,82.92747,2,39,0,0
27.6,1.4000001,11.966953,92.0977,2,40,0,0
26.85,0.4,12.313894,87.936935,2,41,0,1
27.7,0.3,11.770403,87.601814,2,42,0,0
27.9,1.0000001,14.618837,80.06568,2,43,0,0
28.7,0.6,13.684735,90.131226,2,44,0,0
29.2,0.0,12.661564,79.85673,2,45,1,1
30.25,0.0,11.298495,75.75405,2,46,2,1
29.3,0.0,13.556282,96.00303,2,47,3,0
26.15,1.5000001,9.746631,84.59232,2,48,0,1
23.4,5.2,11.159999,96.60485,2,49,0,0
27.2,1.2,19.110542,96.89171,2,50,0,0
26.85,0.8,17.399586,93.85946,2,51,0,0
26.95,1.8000002,11.792404,95.64459,2,52,0,0
26.45,4.3,10.163227,97.20288,2,53,0,0
26.1,2.0000002,11.923557,94.20392,2,54,0,0
26.85,6.5999994,11.928989,96.01496,2,55,0,0
27.7,3.2999997,13.830749,95.385216,2,56,0,0
28.9,0.3,15.137133,92.682785,2,57,0,0
29.4,0.0,17.10284,78.10878,2,58,1,0
28.45,0.0,17.58481,77.23583,2,59,2,0
27.15,1.0,13.217443,90.10965,3,60,0,1
27.3,6.5,11.620809,98.4321,3,61,0,0
26.1,1.5,16.267857,95.3731,3,62,0,1
27.75,0.1,17.811815,95.96835,3,63,0,0
27.95,0.0,10.24578,76.697655,3,64,1,1
27.7,0.0,11.090103,78.78606,3,65,2,1
26.6,13.2,16.215992,95.1045,3,66,0,0
25.25,10.099999,16.965895,98.1247,3,67,0,0
24.5,4.2,14.044615,93.653755,3,68,0,0
24.95,7.5999994,10.8955765,95.097145,3,69,0,0
25.45,2.9,15.937878,95.113625,3,70,0,0
25.1,8.3,16.394829,98.43745,3,71,0,0
25.3,10.700002,12.397806,95.43493,3,72,0,0
25.85,10.299999,9.983106,95.67397,3,73,0,0
24.3,9.0,15.281989,94.772575,3,74,0,0
24.6,3.3999999,14.81259,96.27471,3,75,0,0
23.0,8.500001,12.682018,95.9895,3,76,0,0
24.2,0.8000001,16.199999,94.75886,3,77,0,0
24.45,2.9999998,17.566378,93.53009,3,78,0,0
23.1,7.6,15.542662,96.89639,3,79,0,0
23.4,19.6,19.469975,94.20176,3,80,0,0
24.65,0.90000004,17.643673,95.39728,3,81,0,0
24.55,0.5,17.64,93.58043,3,82,0,0
25.85,0.3,17.106628,89.27418,3,83,0,1
27.15,0.0,16.563911,75.75046,3,84,1,0
27.25,0.0,16.24394,72.870605,3,85,2,0
28.05,0.0,13.797913,73.06664,3,86,3,0
27.15,0.70000005,13.207634,88.15149,3,87,0,0
27.4,0.0,19.08,89.2625,3,88,1,0
26.95,0.0,15.226764,80.017624,3,89,2,1
28.2,0.0,12.371645,75.56007,3,90,3,1
27.75,0.0,9.178235,77.57101,4,91,4,1
26.65,10.500001,12.849528,89.91211,4,92,0,1
24.55,3.2999997,15.273505,93.55415,4,93,0,0
24.3,3.8000002,16.575644,98.11612,4,94,0,0
25.2,3.8000002,17.414474,96.57009,4,95,0,0
25.9,10.800001,17.555305,97.16983,4,96,0,1
24.8,7.0,13.324863,94.13216,4,97,0,0
25.2,1.8000002,8.707237,94.20392,4,98,0,0
25.8,3.0,14.693999,99.372635,4,99,0,0
25.15,5.7000003,13.854155,98.12752,4,100,0,0
24.75,4.3,19.694992,99.060265,4,101,0,0
25.7,6.599999,15.124284,98.441,4,102,0,0
26.5,1.3,16.167967,99.68538,4,103,0,0
27.0,1.3000001,12.979984,99.054474,4,104,0,0
27.1,0.4,9.746631,97.804306,4,105,0,0
27.0,0.3,11.183201,92.1326,4,106,0,1
25.75,1.0,11.183201,91.23831,4,107,0,0
26.3,0.7,15.459054,93.29644,4,108,0,0
24.95,0.7,20.833395,99.37903,4,109,0,0
24.55,2.8999999,12.538134,98.12752,4,110,0,0
25.95,3.0,16.055353,89.88651,4,111,0,0
22.9,3.1,20.364674,98.746346,4,112,0,0
23.25,1.0,22.33161,96.84776,4,113,0,0
23.1,0.3,26.319422,88.31006,4,114,0,0
25.25,2.1,19.829433,90.84497,4,115,0,1
26.15,0.0,14.118243,85.20666,4,116,1,1
26.05,0.2,9.779817,85.31683,4,117,0,1
26.2,3.9999998,11.183201,93.5685,4,118,0,1
26.35,0.9,9.028754,92.69089,4,119,0,0
24.6,1.4000001,12.964998,97.1784,4,120,0,0
26.65,0.3,13.755579,97.77478,5,121,0,0
26.4,0.0,12.24,76.59279,5,122,1,1
25.7,0.0,11.212135,73.64217,5,123,2,1
26.05,0.0,15.192682,85.105965,5,124,3,1
26.6,0.0,16.923828,86.661026,5,125,4,1
26.25,0.0,17.654688,81.594826,5,126,5,0
25.8,0.0,15.84409,83.70683,5,127,6,1
25.65,0.0,14.145756,82.035225,5,128,7,0
27.3,0.0,10.137692,84.210625,5,129,8,1
26.0,0.0,10.163227,82.41071,5,130,9,1
26.7,0.0,10.24578,80.473145,5,131,10,1
26.7,0.8,11.503113,83.43799,5,132,0,1
25.4,0.1,10.08,82.71647,5,133,0,0
26.05,0.0,11.609651,68.770645,5,134,1,1
26.6,0.0,10.365251,79.42894,5,135,2,0
26.3,0.0,11.440979,75.39461,5,136,3,1
25.7,0.0,13.53236,83.68946,5,137,4,1
25.7,0.0,13.084402,76.77512,5,138,5,1
25.45,0.0,12.9249525,73.86296,5,139,6,2
24.7,0.0,14.05845,74.53196,5,140,7,1
23.7,0.0,16.179985,80.97796,5,141,8,1
24.15,0.0,11.525623,80.91075,5,142,9,1
24.25,0.0,16.343367,71.87702,5,143,10,1
24.8,0.0,18.775301,78.651115,5,144,11,2
24.05,0.0,20.316889,81.42619,5,145,12,1
24.65,0.0,21.868332,87.80739,5,146,13,2
24.4,0.2,17.87718,87.33984,5,147,0,1
25.4,0.0,11.183201,88.177666,5,148,1,1
26.15,0.0,10.296251,77.974625,5,149,2,1
26.85,0.0,18.919704,72.00864,5,150,3,1
26.5,0.4,12.261158,82.66163,5,151,0,1
25.4,1.0000001,12.324414,98.41765,6,152,0,1
25.6,0.0,13.779114,83.69524,6,153,1,2
25.15,0.0,15.986595,74.463104,6,154,2,1
24.6,0.0,14.113653,78.28565,6,155,3,2
24.45,0.0,13.1041975,79.88886,6,156,4,1
25.75,0.0,14.113653,76.63993,6,157,5,1
24.8,0.0,14.440443,69.72946,6,158,6,1
25.45,0.0,14.264361,75.336494,6,159,7,1
25.35,0.0,15.03835,78.53052,6,160,8,1
26.4,0.0,15.124284,83.22068,6,161,9,1
27.15,0.0,12.261158,85.93603,6,162,10,1
27.15,0.1,11.165805,76.7827,6,163,0,1
27.1,0.0,11.570515,72.54612,6,164,1,1
27.15,0.0,15.459054,69.49768,6,165,2,1
27.55,0.0,11.090103,69.937126,6,166,3,1
25.35,0.2,16.766108,89.37754,6,167,0,1
22.2,11.2,11.609651,96.544,6,168,0,1
24.75,0.0,11.269782,84.81833,6,169,1,1
25.05,0.0,17.313717,80.384415,6,170,2,1
24.25,0.0,15.188415,78.16219,6,171,3,1
23.9,0.0,12.964998,74.16003,6,172,4,1
23.8,0.0,15.517629,73.43797,6,173,5,1
24.3,0.0,13.202726,79.32692,6,174,6,1
24.4,0.0,12.849528,73.33341,6,175,7,1
22.95,0.0,14.205182,69.69777,6,176,8,1
24.05,0.0,19.164717,82.956825,6,177,9,1
24.6,0.0,18.218275,80.43887,6,178,10,1
24.15,0.0,13.339445,79.973145,6,179,11,2
24.05,0.0,19.296133,74.298195,6,180,12,1
24.15,0.5,18.35647,73.58912,6,181,0,1
24.4,0.0,13.698934,83.79122,7,182,1,1
23.95,0.0,15.856356,77.374275,7,183,2,1
24.35,0.0,15.546833,68.82154,7,184,3,1
24.55,0.0,16.418526,69.25226,7,185,4,1
22.85,0.0,16.62249,68.67899,7,186,5,1
23.3,0.0,12.72283,68.08468,7,187,6,1
24.85,0.0,10.739833,76.985985,7,188,7,1
26.9,0.0,14.973576,55.534077,7,189,8,1
26.25,0.0,10.365251,55.764946,7,190,9,1
27.75,0.0,11.252519,57.219784,7,191,10,1
27.9,0.0,11.570515,56.754387,7,192,11,1
27.35,0.0,12.864649,59.63648,7,193,12,2
28.2,0.0,15.141414,66.80752,7,194,13,1
25.35,0.0,12.55879,94.00737,7,195,14,2
27.55,0.0,16.23596,83.60804,7,196,15,1
27.75,0.0,12.661564,78.51584,7,197,16,1
26.95,0.0,10.805998,62.89235,7,198,17,1
27.9,0.0,14.565548,66.831345,7,199,18,1
28.2,0.0,21.398056,59.978657,7,200,19,2
25.65,0.0,28.241076,56.610928,7,201,20,1
23.4,0.3,29.024128,93.703285,7,202,0,2
23.6,0.1,22.427162,89.20456,7,203,0,1
24.8,0.0,19.959719,74.22104,7,204,1,1
24.25,0.0,15.546833,80.03602,7,205,2,1
25.55,0.0,17.654688,88.669945,7,206,3,1
26.45,0.0,13.039754,69.58143,7,207,4,2
26.65,0.0,16.981165,50.961685,7,208,5,1
26.75,0.0,12.682018,66.43101,7,209,6,2
26.9,0.0,11.457958,64.62944,7,210,7,1
27.1,0.0,18.486622,64.04269,7,211,8,1
27.05,0.0,14.799459,71.619865,7,212,9,1
26.8,0.0,14.57889,71.81286,8,213,10,2
26.2,0.0,14.404499,67.83166,8,214,11,2
27.55,0.0,9.83268,62.1655,8,215,12,1
27.85,0.0,10.137692,50.947697,8,216,13,2
28.45,0.0,12.496719,49.74144,8,217,14,1
28.65,0.0,16.071491,57.624237,8,218,15,2
29.15,0.0,11.212135,51.52204,8,219,16,2
29.25,0.0,18.792551,51.750557,8,220,17,1
28.6,0.0,21.068459,54.272205,8,221,18,2
28.4,0.0,14.24163,61.14656,8,222,19,1
29.25,0.0,13.202726,59.434,8,223,20,2
29.3,0.0,16.700275,59.870518,8,224,21,1
28.3,0.0,16.09969,59.172962,8,225,22,1
27.2,0.0,20.898611,56.312073,8,226,23,1
26.15,0.0,21.26744,59.288586,8,227,24,1
26.5,0.0,22.884789,58.99018,8,228,25,2
26.25,0.0,18.671474,71.39993,8,229,26,1
28.95,0.0,11.113451,66.892075,8,230,27,1
29.3,0.0,14.154915,54.123318,8,231,28,1
30.15,0.0,16.434305,70.0414,8,232,29,1
28.35,0.0,18.129137,85.563705,8,233,30,2
30.15,0.0,13.1041975,71.08609,8,234,31,1
32.0,0.0,13.049689,42.023857,8,235,32,2
30.4,0.0,12.849528,53.10517,8,236,33,1
30.2,0.2,10.041354,67.33154,8,237,0,1
29.25,1.7,14.345898,76.64162,8,238,0,1
29.45,17.5,14.578888,90.188446,8,239,0,0
25.75,15.700002,15.484185,93.04514,8,240,0,0
26.7,7.2999997,14.917212,99.68552,8,241,0,0
25.4,15.600001,11.183201,99.050125,8,242,0,0
28.0,0.3,7.2805495,97.15792,8,243,0,0
27.95,0.3,15.646544,89.2508,9,244,0,1
27.55,0.3,16.323528,95.33995,9,245,0,2
28.2,0.0,14.84318,84.711205,9,246,1,2
29.45,0.5,10.464797,70.52087,9,247,0,2
29.05,0.8,15.815435,72.00558,9,248,0,1
27.65,1.0,23.587555,86.19532,9,249,0,2
26.45,0.0,24.858253,66.348885,9,250,1,2
27.15,0.0,18.289274,72.16331,9,251,2,2
29.25,0.0,17.22742,68.69438,9,252,3,2
29.45,0.0,17.193533,63.192646,9,253,4,2
28.55,0.0,19.66536,57.730343,9,254,5,2
29.6,0.0,14.799459,67.46217,9,255,6,2
31.7,0.0,13.479583,59.534878,9,256,7,2
29.75,0.1,14.973577,60.49873,9,257,0,2
28.7,0.0,13.217443,77.48637,9,258,1,2
28.25,8.1,18.043148,81.594,9,259,0,2
30.4,0.5,16.516901,77.3356,9,260,0,2
30.0,0.0,16.676977,72.80175,9,261,1,2
31.35,0.0,14.982228,66.68629,9,262,2,2
32.0,0.0,14.386494,62.208637,9,263,3,2
30.6,0.0,14.458382,55.37703,9,264,4,2
31.55,0.0,15.629971,54.350643,9,265,5,2
33.2,0.0,12.599998,58.13847,9,266,6,2
33.85,0.0,15.546833,45.527283,9,267,7,2
33.05,0.1,10.390226,60.829144,9,268,0,2
33.4,0.3,10.538843,62.856937,9,269,0,2
32.05,1.1,17.64,76.372505,9,270,0,2
29.9,3.3,12.7279215,94.280754,9,271,0,0
27.85,9.799999,14.471821,97.235435,9,272,0,1
30.0,2.1,16.854767,90.55202,9,273,0,2
31.35,0.1,12.496718,76.26315,10,274,0,2
26.35,15.6,14.658676,93.94549,10,275,0,2
26.25,19.9,12.10157,90.77146,10,276,0,1
29.95,0.6,15.5843,90.69721,10,277,0,2
29.65,0.3,10.8955765,83.26446,10,278,0,1
28.6,11.7,11.923557,91.40942,10,279,0,0
29.0,3.2999997,16.854767,96.32476,10,280,0,1
30.05,1.1,11.570515,90.74456,10,281,0,1
27.95,13.5,12.245293,85.51536,10,282,0,2
31.6,0.3,14.372974,88.87851,10,283,0,1
30.1,0.1,18.844202,77.540146,10,284,0,2
31.35,0.1,14.05845,78.29322,10,285,0,1
31.2,2.9,14.982228,84.215645,10,286,0,2
31.0,0.2,18.0036,86.060036,10,287,0,1
30.35,0.0,22.033648,75.06854,10,288,1,1
30.3,0.0,21.218632,64.57182,10,289,2,2
31.85,0.0,15.827721,61.91337,10,290,3,2
32.5,0.0,16.1198,58.800297,10,291,4,2
33.65,0.0,13.854155,51.274178,10,292,5,2
32.95,0.5,26.574244,58.887215,10,293,0,2
32.85,7.0,15.379206,85.73072,10,294,0,2
29.6,0.7,24.066206,83.4676,10,295,0,1
31.7,0.0,16.45007,68.13561,10,296,1,1
31.0,0.0,12.015589,69.94423,10,297,2,1
32.15,4.5,17.057314,91.424995,10,298,0,1
27.95,3.6,17.114204,96.9324,10,299,0,1
28.75,6.6999993,14.986553,89.28967,10,300,0,0
27.8,2.5,11.792404,96.33439,10,301,0,1
29.65,0.8000001,13.004921,93.40199,10,302,0,1
30.95,0.3,13.797913,86.10929,10,303,0,2
29.6,2.8,18.057508,83.47039,10,304,0,0
30.15,0.90000004,9.659814,89.08227,11,305,0,2
30.45,3.3,17.068707,91.59997,11,306,0,2
28.55,19.2,9.659814,96.934715,11,307,0,1
29.15,0.3,8.854829,94.001114,11,308,0,2
28.55,8.6,15.546833,94.805626,11,309,0,0
29.5,1.9000001,17.698677,91.17003,11,310,0,0
28.5,0.9000001,18.678415,91.06684,11,311,0,0
28.5,0.1,15.990646,80.868645,11,312,0,1
29.85,0.0,14.04,75.56735,11,313,1,1
31.55,0.0,15.192682,63.836456,11,314,2,1
32.35,0.0,19.523155,64.25601,11,315,3,2
32.9,0.0,15.716793,59.98857,11,316,4,1
32.65,0.0,9.1641035,81.587,11,317,5,2
34.65,0.0,10.636766,67.14286,11,318,6,1
33.05,0.0,17.339897,57.604145,11,319,7,1
33.35,0.0,12.6462,73.29764,11,320,8,1
31.4,1.8000001,18.430452,79.51325,11,321,0,1
31.0,0.5,17.713316,86.93885,11,322,0,1
30.7,3.0,7.491114,78.37368,11,323,0,1
26.85,2.5,15.629971,89.93763,11,324,0,0
28.3,2.3999999,12.964998,91.90674,11,325,0,0
28.1,21.6,14.917212,94.87082,11,326,0,0
29.3,0.3,10.239453,96.62263,11,327,0,1
28.8,4.5,13.70839,94.811455,11,328,0,0
28.65,4.7000003,14.186923,87.1389,11,329,0,1
29.6,9.200002,18.03237,91.31814,11,330,0,0
25.45,28.100004,15.39184,96.631485,11,331,0,0
27.85,0.8,13.479583,89.603165,11,332,0,1
29.2,0.1,12.55879,87.902245,11,333,0,0
29.15,0.1,11.27553,93.04773,11,334,0,1
27.2,3.6999998,10.587918,90.44858,12,335,0,1
29.7,5.7,10.315115,87.400734,12,336,0,1
25.6,17.7,12.287555,93.2865,12,337,0,1
26.35,0.8,11.4862,89.46209,12,338,0,0
26.75,9.0,9.114471,95.07699,12,339,0,0
28.4,0.5,17.518356,96.90691,12,340,0,0
29.5,0.0,18.899143,79.870544,12,341,1,1
30.35,0.0,10.028439,73.89116,12,342,2,0
29.95,0.1,13.979872,68.61888,12,343,0,1
30.35,2.3999999,20.730501,86.55235,12,344,0,1
26.9,2.1000001,16.327497,87.45011,12,345,0,0
25.75,20.000002,11.298495,95.133575,12,346,0,1
30.25,0.6,18.847641,94.25956,12,347,0,0
30.6,0.0,18.709612,72.479965,12,348,1,1
31.25,0.0,16.610792,65.409935,12,349,2,1
31.15,0.0,18.079027,62.504467,12,350,3,1
30.25,0.2,16.79314,70.22793,12,351,0,1
29.95,0.0,9.422101,74.80377,12,352,1,0
27.85,4.1,12.7279215,89.88651,12,353,0,1
26.0,9.099999,15.137133,92.74466,12,354,0,0
22.5,20.7,17.31746,96.0075,12,355,0,0
25.8,9.6,13.849477,97.217674,12,356,0,0
27.2,7.8,14.77755,94.28497,12,357,0,0
27.9,2.3,8.854829,93.653755,12,358,0,0
28.05,2.9999998,18.218275,90.51772,12,359,0,0
28.9,0.3,15.683774,92.23581,12,360,0,1
28.8,0.1,9.007196,90.33992,12,361,0,1
28.6,3.8000002,10.483357,89.00505,12,362,0,1
30.3,15.200001,11.659777,93.06309,12,363,0,1
27.35,11.8,14.587776,94.8841,12,364,0,0
26.1,12.400001,12.758432,96.927795,12,365,0,0
26.45,7.3,11.841756,96.95305,1,1,0,0
25.15,3.2999997,10.041354,96.9139,1,2,0,0
21.65,33.000004,18.39878,96.63405,1,3,0,0
23.35,8.400001,22.657131,96.93358,1,4,0,0
22.5,13.200002,18.161278,96.01948,1,5,0,0
26.45,2.4,10.028439,96.32753,1,6,0,0
26.8,3.1,11.525623,97.21868,1,7,0,1
24.8,8.799999,13.044722,98.45222,1,8,0,0
26.2,2.1,11.753877,97.8382,1,9,0,0
24.4,11.9,12.682018,95.72709,1,10,0,0
26.15,5.7,11.720751,99.682495,1,11,0,0
26.95,0.8000001,8.287822,96.27331,1,12,0,0
25.2,10.7,9.19939,98.446335,1,13,0,0
26.15,6.6000004,11.841756,98.1346,1,14,0,0
26.5,9.400001,7.5942082,97.51682,1,15,0,0
28.0,0.3,12.496719,93.6042,1,16,0,0
28.8,0.1,12.287555,82.39726,1,17,0,1
28.0,0.90000004,9.178235,80.6692,1,18,0,0
28.25,0.4,8.557102,90.69721,1,19,0,1
29.9,0.0,12.074766,99.05699,1,20,1,0
28.7,1.4,17.377226,86.47545,1,21,0,0
27.9,1.2,14.24163,91.88,1,22,0,0
26.45,3.8999996,14.934577,93.345856,1,23,0,0
24.35,2.5,16.485485,95.72871,1,24,0,0
26.6,5.2999997,14.77755,96.028404,1,25,0,0
24.45,17.5,9.793059,97.21452,1,26,0,0
24.9,6.7,11.304229,91.384346,1,27,0,0
25.3,2.1,17.072504,96.022415,1,28,0,0
25.85,1.2,12.096214,96.01496,1,29,0,0
26.6,2.0,10.464797,95.66255,1,30,0,0
25.55,14.6,9.504273,94.240364,1,31,0,0
26.15,16.900002,12.229406,98.14165,2,32,0,0
26.65,1.8000001,13.441071,97.5046,2,33,0,0
25.5,2.3000002,21.24,94.19098,2,34,0,0
26.05,1.1,15.39184,92.81367,2,35,0,0
26.0,27.6,14.372974,92.97018,2,36,0,0
26.25,12.300001,14.205182,96.90574,2,37,0,0
27.3,10.3,18.723461,96.32065,2,38,0,0
27.3,10.000003,11.435313,98.145905,2,39,0,0
26.0,27.300003,11.200571,97.83083,2,40,0,0
24.55,8.499999,20.592503,97.23021,2,41,0,0
22.8,6.899999,16.854767,96.61505,2,42,0,0
27.0,2.1,20.188908,91.05382,2,43,0,0
28.25,0.0,15.683776,85.36366,2,44,1,0
28.6,0.0,8.311245,81.19374,2,45,2,1
28.7,0.4,11.923557,81.58396,2,46,0,0
27.35,1.6,11.91812,90.80831,2,47,0,0
25.45,3.6,16.23596,92.40803,2,48,0,0
26.15,3.9,18.947083,93.04003,2,49,0,0
24.9,6.3999996,16.199999,96.0075,2,50,0,0
21.5,32.899998,15.856354,97.52996,2,51,0,0
21.95,21.6,10.195057,98.44927,2,52,0,0
26.6,3.5,13.608762,97.52996,2,53,0,0
24.9,6.599999,13.441071,97.5046,2,54,0,0
27.15,0.6,15.192682,94.84413,2,55,0,0
27.75,0.3,17.902534,96.30546,2,56,0,0
26.9,0.0,16.700275,91.86511,2,57,1,1
27.45,0.0,14.081478,82.29187,2,58,2,0
29.1,0.0,8.4963045,83.734985,2,59,3,1
28.55,0.1,6.9527545,79.527695,2,60,0,1
28.45,7.1,10.182337,90.343254,3,61,0,1
28.6,2.6,9.085988,91.51637,3,62,0,1
27.7,2.3000002,9.47012,93.15674,3,63,0,0
24.25,7.2,10.1887,95.44682,3,64,0,0
25.1,2.6,11.841756,96.022415,3,65,0,0
27.85,2.2,11.440979,96.59459,3,66,0,0
27.15,5.2,16.516901,95.74144,3,67,0,0
28.25,0.4,16.854767,94.25319,3,68,0,0
28.8,0.0,11.592894,87.78224,3,69,1,1
27.2,0.0,12.594856,94.26165,3,70,2,0
28.25,0.6,8.0899935,91.384346,3,71,0,1
27.8,25.7,14.039999,92.56798,3,72,0,0
27.3,4.3999996,10.948973,96.35354,3,73,0,1
27.35,1.4000001,12.224107,100.0,3,74,0,1
28.4,1.2,17.477621,94.24893,3,75,0,1
28.35,0.3,15.072783,90.27686,3,76,0,0
27.05,1.0,12.303366,97.21977,3,77,0,0
28.45,1.5,9.6932955,92.766,3,78,0,1
27.65,1.8,10.829959,88.219444,3,79,0,1
25.8,9.3,9.449572,96.356255,3,80,0,0
26.75,9.2,9.178235,95.74462,3,81,0,0
27.6,1.4000001,11.367109,96.60869,3,82,0,0
23.25,9.400001,9.6932955,96.93126,3,83,0,0
25.65,2.3999996,17.873556,97.845505,3,84,0,0
26.05,0.6,15.9134655,99.377846,3,85,0,0
25.7,4.299999,9.826088,97.5046,3,86,0,0
25.5,0.6,14.372974,98.1318,3,87,0,0
24.7,2.8000002,17.654688,96.61881,3,88,0,0
27.05,0.3,19.602652,99.687096,3,89,0,0
27.55,0.70000005,10.483357,93.63732,3,90,0,0
26.5,1.1,10.853866,96.34398,3,91,0,0
28.0,9.800001,18.448023,93.42863,4,92,0,0
25.35,8.8,10.464797,97.2489,4,93,0,1
26.45,7.4,8.669949,94.51371,4,94,0,0
26.55,2.1,14.003028,96.323395,4,95,0,1
26.5,0.8000001,14.205182,97.837364,4,96,0,0
25.5,0.6,16.215992,100.0,4,97,0,0
25.5,1.8000001,18.388212,99.685646,4,98,0,0
27.1,0.0,15.463246,90.93867,4,99,1,0
27.0,0.1,9.585739,86.49954,4,100,0,0
26.55,0.8000001,11.165805,89.27418,4,101,0,0
25.3,0.5,10.495713,91.93925,4,102,0,0
25.15,8.400001,17.298738,94.81914,4,103,0,0
26.65,0.0,19.770523,88.2279,4,104,1,0
25.95,0.6,15.281989,91.541275,4,105,0,0
26.0,0.6,20.771093,90.3927,4,106,0,0
26.35,0.2,20.870687,93.00395,4,107,0,0
27.05,0.0,15.273505,89.55408,4,108,1,0
27.3,0.1,12.7279215,88.10873,4,109,0,0
27.1,0.70000005,11.212135,90.98828,4,110,0,0
26.65,0.4,18.751125,88.72948,4,111,0,0
24.7,0.0,20.163212,92.34601,4,112,1,0
26.5,0.0,17.462782,90.871895,4,113,2,0
27.25,0.3,12.261158,90.59449,4,114,0,1
27.35,0.8,11.681987,90.048134,4,115,0,0
27.9,0.0,18.36353,87.12054,4,116,1,0
27.9,0.0,17.015474,81.59979,4,117,2,0
27.45,0.0,15.893093,79.16045,4,118,3,0
27.1,0.3,12.429127,82.813416,4,119,0,1
28.4,0.0,15.124284,85.3116,4,120,1,0
28.6,0.0,16.700275,84.93696,4,121,2,1
27.75,0.0,14.869351,87.5079,5,122,3,1
28.55,0.0,12.904882,81.6527,5,123,4,1
28.5,0.0,15.273505,86.12124,5,124,5,1
27.5,0.0,18.416384,73.28097,5,125,6,0
26.7,0.0,19.110542,85.47213,5,126,7,1
26.1,0.0,22.346113,83.62003,5,127,8,0
26.2,0.0,21.986542,89.45483,5,128,9,1
26.15,0.0,16.700275,85.92592,5,129,10,1
26.2,0.0,16.167967,82.961945,5,130,11,1
25.8,0.0,17.654688,79.83064,5,131,12,1
26.55,0.0,10.853866,84.26677,5,132,13,1
27.9,0.0,10.948973,75.74227,5,133,14,0
27.3,0.0,7.5685663,79.21757,5,134,15,1
28.6,0.0,11.681987,80.95422,5,135,16,0
28.35,0.0,15.629971,79.167625,5,136,17,1
27.55,0.0,19.523155,65.60679,5,137,18,0
26.5,0.0,16.23596,73.861664,5,138,19,1
26.45,0.0,16.215992,82.50169,5,139,20,1
26.55,0.0,14.003029,81.51078,5,140,21,0
26.05,0.0,17.057314,86.535835,5,141,22,1
26.4,0.0,20.240196,83.61423,5,142,23,1
25.95,0.0,19.483284,74.548775,5,143,24,2
26.6,0.0,14.332341,87.851746,5,144,25,1
27.6,0.0,13.441071,87.41747,5,145,26,1
26.5,0.0,11.885453,79.75377,5,146,27,1
26.7,0.0,18.129137,78.28565,5,147,28,0
26.05,0.0,14.458382,75.11256,5,148,29,1
26.45,0.0,12.324414,75.287605,5,149,30,1
25.95,0.0,11.246759,94.953094,5,150,31,1
25.8,0.0,13.584932,91.60225,5,151,32,1
25.4,0.0,17.811815,77.11606,5,152,33,1
23.85,0.0,24.288662,84.1485,6,153,34,2
24.1,0.2,22.702845,82.217445,6,154,0,1
25.4,0.0,18.416384,93.4251,6,155,1,2
25.85,0.0,19.164719,85.589645,6,156,2,1
24.95,0.0,19.803272,83.63138,6,157,3,1
24.65,0.5,20.570463,88.41406,6,158,0,2
25.05,0.0,18.806337,90.7327,6,159,1,1
25.2,0.0,19.35314,86.99539,6,160,2,1
25.3,0.0,14.417988,83.54955,6,161,3,1
26.15,0.0,15.328561,87.469986,6,162,4,1
26.1,0.0,17.698677,87.33524,6,163,5,2
25.4,0.0,18.391735,82.242546,6,164,6,1
25.45,0.0,19.107151,72.19334,6,165,7,2
26.05,0.0,17.193533,81.144485,6,166,8,1
24.35,0.0,19.829433,82.25508,6,167,9,1
24.55,0.0,19.245697,78.13969,6,168,10,1
24.7,0.0,13.797913,77.120865,6,169,11,1
24.8,0.0,15.94601,77.39774,6,170,12,2
25.2,0.0,13.556282,77.05076,6,171,13,1
24.75,0.0,17.731598,82.3425,6,172,14,2
25.1,0.0,18.792551,75.32871,6,173,15,1
25.35,0.0,16.62249,82.35218,6,174,16,1
25.3,0.0,12.9249525,75.36217,6,175,17,1
25.8,0.0,12.964998,68.14229,6,176,18,1
25.4,0.0,12.964998,63.245346,6,177,19,2
25.95,0.0,14.578888,69.69994,6,178,20,1
25.2,0.0,8.891344,66.21697,6,179,21,1
26.95,0.0,11.298495,55.624046,6,180,22,2
27.0,0.0,9.531505,63.62647,6,181,23,1
26.35,0.0,12.313893,57.69649,6,182,24,1
26.35,0.0,14.113653,57.95646,7,183,25,1
25.4,0.0,15.905319,60.850834,7,184,26,1
24.95,0.0,17.555305,79.71425,7,185,27,1
24.8,0.0,13.910169,83.2083,7,186,28,1
24.9,0.0,15.484185,75.168976,7,187,29,2
25.85,0.0,14.154915,78.869965,7,188,30,1
26.9,0.0,12.641076,80.768974,7,189,31,1
27.85,0.0,10.233123,62.525097,7,190,32,1
27.6,0.0,12.096214,50.258533,7,191,33,1
28.15,0.0,12.819235,58.228603,7,192,34,2
27.8,0.0,17.294992,63.04923,7,193,35,1
26.6,0.0,17.313717,67.8832,7,194,36,2
24.0,0.0,22.682856,71.57308,7,195,37,1
24.25,0.0,21.288757,67.80236,7,196,38,1
23.75,0.0,17.015474,72.084946,7,197,39,1
24.5,0.0,19.881649,67.76084,7,198,40,1
24.5,0.0,15.188415,75.70285,7,199,41,2
25.2,0.0,15.137133,72.09428,7,200,42,1
25.0,0.0,19.083395,67.81275,7,201,43,2
24.2,0.0,19.493261,67.332405,7,202,44,2
23.75,0.0,20.674158,71.48462,7,203,45,1
24.1,0.0,18.014393,72.340034,7,204,46,2
25.1,0.0,18.014393,67.71922,7,205,47,1
25.45,0.0,19.829433,60.419838,7,206,48,2
24.85,0.0,12.768586,70.79918,7,207,49,1
25.9,0.0,12.57426,75.39342,7,208,50,1
26.2,0.0,17.25373,73.42904,7,209,51,2
27.35,0.0,15.546833,85.209274,7,210,52,1
27.2,0.0,14.759999,68.336334,7,211,53,2
27.1,0.0,14.512064,66.61177,7,212,54,1
27.7,0.0,22.45315,55.157364,7,213,55,1
26.1,0.0,20.519999,73.60682,8,214,56,1
24.45,0.1,19.70815,86.04592,8,215,0,2
25.1,0.0,21.758419,89.467064,8,216,1,2
26.55,0.0,22.59699,79.05247,8,217,2,1
25.8,0.0,20.948164,65.327835,8,218,3,2
25.15,0.0,23.087763,73.7654,8,219,4,1
25.55,0.0,17.992796,57.277573,8,220,5,1
26.55,0.0,12.904882,61.721165,8,221,6,1
27.9,0.0,9.3669195,56.006718,8,222,7,1
25.9,0.0,14.512064,73.91395,8,223,8,2
29.85,0.0,17.0763,70.01645,8,224,9,1
28.1,0.0,16.80857,41.841404,8,225,10,2
28.2,0.0,14.88242,32.9044,8,226,11,2
29.4,0.0,17.026896,48.906654,8,227,12,1
28.55,0.0,12.429127,72.54975,8,228,13,2
29.05,0.0,14.973577,63.89299,8,229,14,1
28.85,0.0,15.137133,60.45838,8,230,15,1
28.9,0.0,17.313717,52.603344,8,231,16,2
28.95,0.0,16.87398,44.53042,8,232,17,2
28.85,0.0,16.09969,51.589386,8,233,18,2
29.15,0.0,20.211363,55.420586,8,234,19,2
29.45,0.0,16.039202,51.233593,8,235,20,2
30.0,0.0,13.979872,50.557484,8,236,21,2
30.0,0.0,12.261157,55.957184,8,237,22,2
29.2,0.0,14.618837,51.311504,8,238,23,2
27.9,0.0,21.175835,83.17832,8,239,24,2
28.9,0.0,14.20062,65.61017,8,240,25,2
28.25,0.0,19.852295,61.816723,8,241,26,2
26.9,0.0,20.265795,70.031654,8,242,27,2
27.2,0.0,18.359999,61.046837,8,243,28,2
29.35,0.0,17.581125,54.424065,8,244,29,2
29.55,0.0,16.516901,45.40872,9,245,30,2
30.45,0.0,14.05845,43.74139,9,246,31,2
31.45,0.0,13.089354,27.559072,9,247,32,2
32.15,0.0,17.651016,24.722687,9,248,33,2
31.6,0.0,14.578888,36.175945,9,249,34,2
31.6,0.0,17.462782,47.419323,9,250,35,2
30.2,0.0,22.751316,41.16462,9,251,36,2
29.55,0.0,23.584808,49.541836,9,252,37,2
29.25,0.0,21.313093,43.69649,9,253,38,2
28.9,0.0,19.05281,42.00655,9,254,39,2
28.75,0.0,17.555305,55.28607,9,255,40,2
30.15,0.0,15.893093,47.25301,9,256,41,2
30.35,0.0,16.676977,51.06913,9,257,42,2
31.0,0.0,17.518356,44.998486,9,258,43,2
30.9,0.0,17.076298,46.55127,9,259,44,2
32.35,0.0,12.303366,46.460804,9,260,45,2
32.15,0.0,15.517629,52.095432,9,261,46,2
30.75,0.0,24.031178,46.175926,9,262,47,2
30.75,0.0,19.483284,59.456917,9,263,48,2
30.9,0.0,19.443333,53.140026,9,264,49,2
32.15,0.0,15.94601,54.13438,9,265,50,2
32.5,0.0,14.84318,54.39293,9,266,51,2
33.05,0.0,13.979871,49.465057,9,267,52,2
32.0,0.0,16.548256,46.8365,9,268,53,2
33.1,0.0,19.189215,41.621613,9,269,54,2
33.4,0.0,18.783066,45.505196,9,270,55,2
33.85,0.0,19.759048,42.3455,9,271,56,2
34.1,0.0,11.4862,54.555355,9,272,57,2
31.65,0.0,27.698952,68.87101,9,273,58,1
30.0,0.0,21.964422,58.172268,9,274,59,2
31.35,0.0,19.274294,45.040417,10,275,60,2
32.35,0.0,14.118243,50.532005,10,276,61,2
34.7,0.0,17.437717,37.22116,10,277,62,2
34.7,0.0,14.650938,36.015068,10,278,63,2
35.2,0.0,15.978484,39.085953,10,279,64,2
34.8,0.0,17.287498,37.722176,10,280,65,2
33.95,0.0,14.178928,47.868908,10,281,66,2
32.0,0.4,15.15104,71.02464,10,282,0,2
33.1,0.8,12.791403,71.92394,10,283,0,1
27.15,16.400002,14.366211,93.397156,10,284,0,2
30.7,1.0,14.256409,89.64071,10,285,0,1
27.1,4.3999996,15.15104,91.62143,10,286,0,1
29.35,1.8,15.095336,86.03531,10,287,0,2
28.95,1.6,22.68357,90.72768,10,288,0,1
23.95,3.4999995,19.73854,96.90574,10,289,0,1
26.45,3.5999997,15.385525,94.80177,10,290,0,0
27.15,9.200001,14.637663,97.51496,10,291,0,0
26.75,1.4000001,9.313152,96.9301,10,292,0,1
25.55,2.0,17.065859,95.67723,10,293,0,0
25.3,0.5,16.22498,94.21467,10,294,0,0
25.6,2.9,15.027575,97.52151,10,295,0,0
26.5,1.4000001,17.40424,98.13814,10,296,0,1
28.9,3.3,13.330941,93.95443,10,297,0,2
28.55,2.4999998,9.580668,93.3286,10,298,0,1
27.2,3.1999996,11.634741,94.26383,10,299,0,2
30.15,7.5,12.387348,91.40317,10,300,0,0
26.65,0.0,16.08761,92.25849,10,301,1,1
26.5,0.1,18.123774,96.92086,10,302,0,1
26.3,11.500001,11.9466305,92.41921,10,303,0,1
23.2,9.099999,15.146761,97.53367,10,304,0,1
23.15,1.6,13.681184,97.81846,10,305,0,0
25.3,10.4,19.33639,93.88226,11,306,0,0
25.85,3.0,14.041154,95.66255,11,307,0,0
26.0,5.5,17.10284,96.00001,11,308,0,1
27.95,16.5,17.703253,93.67248,11,309,0,1
20.8,73.2,13.864674,97.527145,11,310,0,0
25.95,5.4,14.84318,97.51307,11,311,0,1
26.1,15.6,11.792404,96.937004,11,312,0,0
24.3,4.0,18.498886,96.306816,11,313,0,0
24.25,1.3000001,15.618566,97.21452,11,314,0,0
27.35,3.2,12.638512,95.1245,11,315,0,0
25.5,1.5000001,10.962281,99.68613,11,316,0,0
25.65,6.6999993,12.10157,97.174095,11,317,0,0
25.7,12.5,9.47012,94.52999,11,318,0,0
23.05,18.199999,12.421304,98.13748,11,319,0,0
21.0,10.9,17.682194,97.52807,11,320,0,0
25.05,4.7,14.634343,96.91739,11,321,0,0
22.1,10.700001,11.098865,98.44161,11,322,0,0
26.3,3.1000001,10.699028,98.7563,11,323,0,0
26.9,22.800001,10.195057,98.43449,11,324,0,1
27.4,3.4,11.753877,96.90108,11,325,0,0
27.3,11.7,9.600937,96.94848,11,326,0,1
26.85,13.8,12.081473,94.82301,11,327,0,0
25.8,12.599999,12.0720825,97.536446,11,328,0,0
24.9,6.5999994,13.243156,94.240364,11,329,0,0
24.1,2.7000003,19.270092,97.82754,11,330,0,0
25.6,3.6000001,16.951565,93.8686,11,331,0,0
25.85,2.8000002,13.552696,95.743,11,332,0,0
26.95,13.1,13.681184,98.45222,11,333,0,0
27.35,2.6,9.178235,98.13814,11,334,0,0
26.3,2.6,14.917212,96.927795,11,335,0,0
26.5,6.9999995,9.565437,95.74937,12,336,0,0
25.65,7.8999996,9.595874,94.26165,12,337,0,0
26.15,2.4,10.158444,95.66911,12,338,0,0
26.65,0.70000005,7.4867883,97.21342,12,339,0,0
26.15,4.599999,13.584932,97.235435,12,340,0,0
27.65,0.3,11.989946,88.366135,12,341,0,1
28.75,0.0,13.184308,80.28331,12,342,1,0
28.4,0.2,8.707238,76.83072,12,343,0,1
28.6,0.4,8.553314,94.1845,12,344,0,1
28.05,1.8000002,14.05845,85.20159,12,345,0,0
28.15,6.2999997,10.99769,92.78193,12,346,0,1
26.35,6.1000004,13.089354,96.03582,12,347,0,0
27.8,0.3,10.316686,93.33601,12,348,0,1
27.7,10.400001,17.515581,88.75791,12,349,0,0
26.35,7.499999,14.874796,96.32753,12,350,0,0
25.85,14.299999,12.57426,91.25755,12,351,0,0
26.1,18.000002,10.837435,95.15344,12,352,0,0
25.5,2.6000001,4.1046314,94.817215,12,353,0,0
27.2,4.1,9.0018,92.74466,12,354,0,0
27.5,2.7,14.827893,96.31786,12,355,0,0
26.0,1.0,10.966713,92.477585,12,356,0,0
25.75,4.7,8.766573,96.9301,12,357,0,0
27.3,12.300001,8.553314,95.431526,12,358,0,0
25.55,5.7000003,10.548061,95.736694,12,359,0,0
24.7,7.8,16.171976,96.934715,12,360,0,0
23.65,9.700001,17.816362,97.53181,12,361,0,0
24.3,2.0000002,11.391313,97.527145,12,362,0,0
25.45,3.0999997,10.63372,98.148674,12,363,0,0
25.95,21.2,11.778658,97.22601,12,364,0,0
25.4,8.3,15.021105,95.429825,12,365,0,0
25.3,9.900001,9.6228485,95.06776,12,366,0,0
